id,rating,comment,Вопрос решен,Нравится качество выполнения заявки,Нравится качество работы сотрудников,Нравится скорость отработки заявок,Понравилось выполнение заявки,Другое
2945792,5,спасибо,1,0,0,0,0,0
3380332,5,отлично,1,0,0,0,0,0
3381812,5,благодарить оперативный решение проблема,0,0,0,1,0,0
3461991,5,прекрасный специалист,0,0,1,0,0,0
3572768,1,пересчёт скорость,0,0,0,0,0,1
3584536,5,спасибо обновление покраска стена,0,0,1,0,0,0
3596020,5,выполнить быстро,0,0,0,1,0,0
3627490,5,спасибо управлять компания прислать грамотный специалист быстро отреагировать заявка,0,0,1,1,0,0
3695420,5,решить вопрос спасибо,1,0,0,0,0,0
3716702,5,очень радовать работа ук оперативно спасибо,0,1,0,1,0,0
3726842,5,всё исправить,1,0,0,0,0,0
3745025,5,спасибо оперативный работа,0,0,0,1,1,0
3749719,5,выполнить отлично обработка заявка слишком дорога,0,0,0,0,1,0
3751364,5,спасибо скрипеть,1,0,0,0,0,0
3773834,1,норма,0,0,0,0,0,1
3791959,5,спасибо всё пройти очень,1,0,0,0,1,0
3797804,5,спасибо прислать всё поменять минута,0,0,1,0,0,0
3799741,5,всё очень оперативно,0,0,0,1,0,0
3805876,5,всё отлично спасибо,1,0,0,0,0,0
3812092,5,хороший мастер,0,0,1,0,0,0
3815412,5,спасибо оперативность,0,0,0,1,0,0
3820641,5,выполнить,1,0,0,0,0,0
3828569,5,всё супер мастер,0,0,1,0,0,0
3829748,5,благодарить ребята,0,0,1,0,0,0
3834081,5,проблема решить ручка окно поставить спасибо обратный связь,0,1,1,0,0,0
3835748,5,благодарить проделать работа,0,0,0,0,1,0
3835874,5,надеяться причина устранить первый дождь самый,0,0,0,0,0,1
3839647,5,спасибо всё чётко,1,0,0,0,0,0
3840353,5,благодарить,1,0,0,0,0,0
3841026,5,спасибо сергей,1,0,1,0,0,0
3842440,5,михаил отличный мастер свой дело сделать быстро чисто дать рекомендация,0,0,1,0,0,0
3842790,5,сделать,1,0,0,0,0,0
3844645,5,профессионально быстро очень приятный мастер,0,0,1,0,0,0
3846831,5,спасибо вопрос решить всё стать нормально,1,0,0,0,0,0
3848236,5,татьяна владимирович спасибо,0,0,0,0,1,0
3850118,1,спасибо быстрый ответ,0,0,0,1,0,0
3852179,5,спасибо весь подъезд,1,0,0,0,1,0
3854073,5,всё отлично,1,0,0,0,0,0
3856028,1,свершиться,0,0,0,0,0,1
3859764,5,спасибо мастер,0,0,1,0,0,0
3859780,5,спасибо среагировать оперативно быстро всё время связь,0,0,0,1,1,0
3860248,5,среагировать быстро благодарить,0,0,0,1,1,0
3862448,5,отличный мастер,0,0,1,0,0,0
3863351,5,спасибо крайний мера ночь пока шум слышный,0,0,0,0,1,0
3863609,5,быстро,0,0,0,1,0,0
3866829,5,спасибо своевременный выполнение заявка,0,0,0,1,0,0
3866867,5,всё сделать быстро спасибо,0,0,0,1,0,0
3872124,5,спасибо александр оперативность профессионализм,0,0,1,0,0,0
3873692,5,оперативно качественно спасибо,0,1,0,1,0,0
3875262,5,благодарить весь добрый,1,0,0,0,0,0
3877334,3,мастер вопрос,0,0,1,0,0,0
3877901,5,мастер быстро решить проблема всё исправить очень довольный спасибо,0,0,1,0,0,0
3878088,5,вытяжка заработать спасибо отдельный спасибо мастер который сообщить причина препятствовать подключение вытяжка домовой вентиляция,0,0,1,0,1,0
3878555,5,спасибо надолго,1,0,0,0,0,0
3879856,5,всё очень чётко организовать спасибо работа,0,0,0,0,1,0
3880345,5,спасибо дверь номер квартира,0,0,0,0,1,0
3880717,3,снимать звезда первый отписка выполнение работа,0,0,0,0,0,1
3881004,5,день создание заявка рабочий оперативно прислать весь ужас убрать благодарность,0,0,1,0,1,0
3881460,5,спасибо всё заработать,0,0,0,0,1,0
3881636,5,спасибо решить вопрос место офис,1,0,0,0,1,0
3882840,5,спасибо ольга птушкина проделать работа,0,0,1,0,0,0
3883200,5,всё сделать починить вовремя наверное молодец,0,0,1,0,1,0
3883549,5,супер спасибо,1,0,0,0,1,0
3883658,5,отлично всё выполнить обещать,0,0,0,0,1,0
3883736,5,очень оперативно спасибо,0,0,0,1,1,0
3883745,5,мастер андрей помочь подобрать оборудование кран переходник подключение быстро качественно произвести подключение стиральный машинка спасибо,1,0,1,0,0,0
3884964,5,умело подкрутить редуктор давление молодец,0,0,1,0,1,0
3885089,5,всё дверь практически бесшумно закрываться,0,0,0,0,1,0
3886150,5,проблема таковой процесс поиск страх компания весь лишь спасибо сотрудник,1,0,1,0,0,0
3886231,5,быстро чётко проблема слово мастер,1,0,1,0,0,0
3886721,5,работать спасибо,1,0,0,0,0,0
3886923,5,сегодня ездить всё исправно работать спасибо,1,0,0,0,0,0
3886937,5,спасибо всё понятно,1,0,0,0,0,0
3887002,5,татьяна спасибо,0,0,1,0,0,0
3887203,5,вопрос ответить крепление повесить колясочный,1,0,0,0,1,0
3887353,5,хороший,1,0,0,0,0,0
3887392,5,спасибо быстро отреагировать,0,0,0,1,0,0
3887422,5,сервис высота мастер профессионал,0,1,1,0,0,0
3887606,1,около,0,0,0,0,0,1
3887614,2,надолго,0,0,0,0,0,1
3887743,5,спасибо всё работать,1,0,0,0,0,0
3887844,5,заявка выполнить спасибо,0,1,0,0,0,0
3887922,5,дверь закрываться намного хороший,1,0,0,0,1,0
3888009,5,спасибо быстрый реагирование,0,0,0,1,1,0
3888318,5,оперативно сработать благодарить,0,0,0,1,0,0
3888354,5,спасибо сантехник алексей всё сделать качественно,0,0,1,0,0,0
3888539,5,человеческий спасибо оперативность выполнение работа наш дежурный сантехник прибыть воскресение минута написание заявка всё решиться хороший образ всё вопрос оперативно решаться,0,0,1,1,0,0
3888591,5,очень оперативно никуда прийтись ходить,0,0,0,1,0,0
3888606,5,проблема решить,1,0,0,0,0,0
3888633,5,очень оперативно отреагировать спасибо,0,0,0,1,0,0
3888794,5,оперативно качественно вопрос возникнуть спасибо,0,0,0,1,0,0
3888828,5,благодарить оперативность,0,0,0,0,1,0
3889213,5,спасибо оперативный решение проблема,0,0,0,1,0,0
3889473,1,оперативный работа,0,0,0,1,0,0
3889502,5,оперативный решение проблема,0,0,0,0,1,0
3889542,5,первый решить вопрос быстро,0,0,0,1,0,0
3889783,5,отлично спасибо,1,0,0,0,0,0
3889827,5,спасибо татьяна,0,0,1,0,0,0
3889956,5,хороший мастер свет спасибо,0,0,1,0,0,0
3890030,5,спасибо починить домофон,0,0,0,0,1,0
3890209,5,отличный работа,1,0,0,0,0,0
3890231,5,спасибо помощь,0,0,0,0,1,0
3890239,5,обычный услуга цена правда завысить около ти минута работа,1,0,0,0,0,0
3890275,5,отличный работа дверь закрываться плавно спасибо,0,0,0,0,1,0
3890393,5,всё супер быстро спасибо,1,0,0,1,0,0
3890484,5,оперативно спасибо,0,0,0,0,1,0
3890486,5,супер,0,0,0,0,1,0
3890517,5,молодец оперативно,0,0,0,0,1,0
3890604,5,вопрос решиться быстро спасибо,0,0,0,1,0,0
3890678,5,александр спасибо объяснение причина бульканье,0,0,1,0,0,0
3890716,5,спасибо всё быстро,0,0,0,0,1,0
3890985,5,спасибо исправить ошибка,0,0,0,0,1,0
3891095,5,мастер сделать всё очень быстро аккуратно,0,0,1,0,0,0
3891325,5,очень вежливый профессиональный мастер устранить всё недочёт оперативно качественно просто отлично спасибо,0,0,1,0,0,0
3891380,5,иван спасибо,0,0,1,0,0,0
3891477,5,среагировать минута,0,0,0,0,1,0
3891489,5,спасибо специалист роман который помочь решить вопрос очень грамотный вежливый специалист,0,0,1,0,0,0
3891568,5,спасибо день электрик решить проблема,0,0,1,0,0,0
3891612,5,лифт пола помыть спасибо уборка ждать установка зеркало лифт,0,0,1,0,0,0
3891850,5,всё верно спасибо,0,0,0,0,1,0
3891871,5,спасибо всё бистро устранить,0,0,0,0,1,0
3891943,4,спасибо вроде стать хороший,1,0,0,0,0,0
3892115,5,спасибо ваш быстрый профессиональный помощь,0,0,1,1,0,0
3892189,5,всё быстро смотреть поздний час,0,0,0,1,0,0
3892432,5,ответ предоставить оперативно полный объём,0,0,0,1,0,0
3892474,5,спасибо напор стать отличный,0,0,1,0,0,0
3892548,5,спасибо правда всё убрать стать прям чисто мочь ещё отмыть пятно очень признательный возможно нужный тряпка,0,0,1,0,1,0
3892591,5,спасибо мастер сергей чёткий работа,0,0,1,0,0,0
3892629,4,очень надеяться день встать снова,1,0,0,0,0,0
3892632,5,благодарить очень оперативно,0,0,0,0,1,0
3892659,5,быстро мастер спасибо,0,0,1,0,0,0
3892748,5,вопрос решить быстро спасибо мастер фото выполнить работа приложить позвонить,0,0,1,1,0,0
3892858,5,главное проблема решить спасибо,0,0,0,0,1,0
3892909,5,спасибо всё сделать быстро очень вежливый сотрудник,0,0,1,0,1,0
3892910,5,спасибо решить проблема оперативно,0,0,0,1,1,0
3893074,5,оперативно внимательно вежливый спасибо,0,1,0,1,0,0
3893110,5,спасибо всё оперативно сделать,0,0,0,1,0,0
3893437,5,распечатать бумажный квитанция хотеть поблагодарить работник расчётный отдел разьяснение квитанция найти электронный вариант квитанция приложение самолёт ук,0,0,1,0,0,0
3893476,5,заявка быстрый принять работа проблема решить спасибо,0,1,0,1,0,0
3893532,5,молодец быстро,0,0,0,1,1,0
3893860,5,спасибо весь благо процветание ваш компания,0,0,0,0,1,0
3893967,5,спасибо электрик,0,0,1,0,0,0
3894064,5,всё грамотно полочка объяснить,0,1,0,0,0,0
3894130,5,благодарить быстро качественно оказать услуга,0,1,0,1,0,0
3894191,5,спасибо оперативный решение вопрос,0,0,0,1,0,0
3894326,5,спасибо быстро качественно,0,1,0,1,0,0
3894440,5,спасибо ремонт,0,0,1,0,0,0
3894680,5,благодарить менеджер татьяна,0,0,1,0,0,0
3894684,5,благодарить менеджер,0,0,1,0,0,0
3894714,5,сотрудник молодец,0,0,1,0,0,0
3894893,5,оперативно качественно браво,0,1,0,1,0,0
3894902,5,спасибо оперативно качественно решить проблема,0,1,0,1,0,0
3895042,5,подниматься сегодня утро запах спасибо,0,0,0,0,1,0
3895051,5,специалист проконсультировать сориентировать срок,0,0,1,0,0,0
3895519,5,быстро оперативно,0,0,0,1,0,0
3895624,5,оперативно пока работать,0,0,0,1,0,0
3895634,5,лик спасибо оперативный ответ подробный разъяснение работа приложение,0,0,1,0,0,0
3895794,5,отличный сотрудник,0,0,1,0,0,0
3895805,5,спасибо мастер олег,0,0,1,0,0,0
3895874,5,точный оценка нужно пережить зима понять хороший стать,1,0,0,0,0,0
3895925,5,спасибо оперативность оценить песочек очень хороший чистый ребёнок очень рада песочница достаточный количество песок,0,1,0,1,0,0
3896179,5,быстро качественно,0,1,0,1,0,0
3896191,5,спасибо всё решить быстро,0,0,0,1,0,0
3896230,5,оперативно быстро,0,0,0,1,0,0
3896480,5,оказать услуга приобретение ключ ещё установить приложение ук самолёт,0,0,1,0,1,0
3896509,5,приходить мастер всё отрегулировать спасибо,0,0,1,0,0,0
3896614,5,оперативно,0,0,0,1,0,0
3896717,5,спасибо консультация,0,0,0,0,1,0
3896735,5,парень установщик отработать упаковка очень тк полный комплект фурнитура отсутствовать комплект нижний ответка прийтись колхозить отпиливать кусок старый ответка также шуруп отсутствовать,1,0,0,0,0,0
3896818,5,спасибо всё,1,0,0,0,0,0
3896822,5,всё около,1,0,0,0,0,0
3896870,5,сразу,1,0,0,0,0,0
3896928,5,ответ получить спасибо результат стать уточнение понять,0,1,0,0,0,0
3896945,5,благодарить обратный связь возможность добавить необходимый документ лк приложение самый решить вопрос посещать клиентский офис звонок вежливый доброжелательный отношение,0,1,1,0,0,0
3896981,5,прислать следующий день,0,0,0,0,0,1
3897000,5,очень быстро отреагировать работа качественный,0,1,0,1,0,0
3897003,1,устранить,0,0,0,0,0,1
3897016,5,спасибо подсказка внимательный отношение,0,0,1,0,1,0
3897067,5,сантехник связаться сразу вопрос решить,1,0,1,0,0,0
3897113,5,спасибо техника,0,0,1,0,0,0
3897118,5,благодарить всё отлично,0,0,0,0,1,0
3897201,5,сантехник,0,0,1,0,0,0
3897252,5,подсказать обратиться решение вопрос,0,0,0,0,1,0
3897281,5,спасибо информация татьяна молодец,0,0,1,0,0,0
3897654,5,электрик прийти день обращение снять показание счеткик работать сотрудник вежливый благодарить,0,1,1,0,0,0
3897730,5,всё сделать быстро качественно,0,1,0,1,0,0
3897831,5,напор стать гораздо сильный небо земля быстро понять причина слабый напор спасибо,0,0,0,0,1,0
3898045,5,спасибо ваш работа вычислить вырвать предыдущий доводчик наказать спасибо,0,0,0,0,1,0
3898232,5,открыть спасибо,1,0,0,0,0,0
3898417,5,быстро позвонить прислать всё сделать спасибо,0,0,0,1,1,0
3898427,5,молодец очень оперативно прям минус головной боль,0,0,0,1,0,0
3898572,5,очень быстро качественно спасибо,0,1,0,1,0,0
3898709,5,спасибо разъяснение оперативность,0,0,0,1,1,0
3898761,5,сотрудник работать мгновенно обрабатываться заявка ответ поступать сразу всё решаться отличный сервис очень приятно,0,1,1,0,0,0
3898762,5,быстро понятно,0,0,0,1,0,0
3899012,5,просто удобно также быстро экономия время ресурс,0,0,0,1,1,0
3899842,5,отлично всё сделать бал,0,0,0,0,1,0
3899902,4,четвёрка выслать второй нужный квитанция,1,0,0,0,0,0
3900150,5,спс,1,0,0,0,0,0
3900408,5,спасибо всё получить,0,0,0,0,1,0
3900525,5,спасибо очень оперативно,0,0,0,1,0,0
3900539,5,благодарить мастер всё объяснить дать рекомендация,0,0,1,0,0,0
3900559,5,ребята молодец,0,0,1,0,0,0
3900602,5,спасибо оперативный решение,0,0,0,1,0,0
3900886,5,оказание услуга сантехник претензия отключение происходить регулярно крайне негативно сказываться впечатление компания самолёт ук,0,0,1,0,0,0
3901101,5,специалист компетентно объяснить необходимо сделать случай игорь золотухин,0,0,1,0,0,0
3901168,5,быстро чётко,0,0,0,1,0,0
3901182,5,всё,0,0,0,0,1,0
3901194,5,владимир грамотно здорово быстро всё сделать,0,0,1,0,0,0
3901238,5,отличный сервис,0,1,0,0,0,0
3901257,5,спасибо сервис работать это самый главное,0,1,0,0,0,0
3901356,5,всё отлично позвонить ответ предоставить,0,0,0,0,1,0
3901414,5,заявка отработать течение ти минута благодарить оперативность,0,0,0,1,0,0
3901446,5,оперативный решение спасибо,0,0,0,1,0,0
3901616,5,татьяна оперативно решить вопрос очень отзывчивый,0,0,1,0,0,0
3901836,5,всё гуд,1,0,0,0,0,0
3901987,5,поприветствовать предложить присесть всё быстро оформить спасибо,1,0,0,1,0,0
3902000,4,спасибо убрать надпись думать аккуратный,1,0,0,0,0,0
3902088,5,всё быстро чётко,0,1,0,0,0,0
3902093,5,добрый день заявка выполнить качественно сотрудник грамотный очень вежливый спасибо,0,1,1,0,0,0
3902383,5,спасибо помощь подключиться инженер,0,0,1,0,0,0
3902482,5,замечательный мастер всё очень оперативно качественно добрый человек золотой рука спасибо,0,0,1,0,0,0
3902496,5,благодарить хотя давно просить получать эл почта почему ещё бумажный получать,0,0,0,0,1,0
3902529,5,вопрос решить оперативно спасибо,0,0,0,1,0,0
3902558,5,молодец,1,0,0,0,0,0
3902632,5,всё около спасибо,1,0,0,0,0,0
3902786,5,красавец быстро оперативно очень приятно общение,0,0,1,1,0,0
3902795,5,хороший обслуживание,0,1,0,0,0,0
3903349,5,спасибо оперативно поставить ограничитель,0,0,0,1,0,0
3903374,4,звезда снять отличаться цвет плитка,1,0,0,0,0,0
3903406,5,спасибо быстро оперативно,0,0,0,1,0,0
3903436,5,горячий вода появиться,1,0,0,0,0,0
3903626,5,всё отлично бистро устранить мастер хороший,0,0,1,1,0,0
3903666,5,спасибо проблема решить,0,0,0,0,1,0
3903709,5,спасибо оперативность грамотный развернуть ответ,0,1,0,1,0,0
3903741,5,спасибо заявка выполнить быстро качественно,0,1,0,1,0,0
3903997,5,выполнить быстро качественно,0,1,0,1,0,0
3904073,5,всё понятно объяснить,0,0,0,0,1,0
3904265,5,спасибо василий проделать работа,0,0,1,0,0,0
3904421,5,благодарить помочь никто мочь решить проблема ещё спасибо,0,0,0,0,1,0
3904489,5,очень оперативно менеджер связаться ответить вопрос отправить необходимый документ благодарить,0,0,1,1,0,0
3904503,5,быстро отреагировать запустить,0,0,0,1,0,0
3904606,5,спасибо оперативно принять заявка отремонтировать лифт работать исправно,0,1,0,1,1,0
3904693,5,оперативно надёжно,0,1,0,1,0,0
3904847,5,спасибо услуга оказать очень оперативно удобный формат заказать ключ выходной понедельник всё готовый сотрудник вежливый внимательный,0,0,1,1,0,0
3904911,5,всё супер очень оперативно профессионально спасибо,0,0,0,1,1,0
3905059,5,всё быстро качественно,0,1,0,1,0,0
3905086,5,выполнять заявка чудо оперативно выполнить спасибо,0,0,0,1,1,0
3905337,5,спасибо ждать бумажный платёжный поручение следующий месяц,0,0,0,0,1,0
3905720,5,хороший мастер свет нужно выдать премия,0,0,1,0,0,0
3905786,5,спасибо электрик оперативно прийти,0,0,1,1,0,0
3906032,5,хотеться каждый месяц присылать квитанция почта приложение,0,0,0,0,0,1
3906048,5,спасибо электрик ситуация простой обнаружить проблема смочь решить,0,0,1,0,0,0
3906126,5,сантехник молодец устранить утечка вода выше этаж перестать течь вода молодец,0,0,1,0,1,0
3906380,5,спасибо работа оперативность,0,0,0,1,1,0
3906407,4,жалко оплата счёт банк приложение отображаться информация оплата приходиться загружать квитанция дополнительно подтверждать факт оплата,0,0,0,0,0,1
3906752,5,спасибо жаль намусорить,0,0,0,0,1,0
3906789,5,спасибо закрываться,0,0,0,0,1,0
3906922,3,сразу заявка выполнить забывать периметр несколько контейнер пакет пакет кончаться быстро значит хозяин убирать собака,0,0,0,0,0,1
3906976,5,спасибо оперативность мир процветание ваш компания самолёт,0,0,0,1,1,0
3907117,5,выше похвала,0,0,0,0,1,0
3907364,5,очень вежливый грамотный сотрудница,0,0,1,0,0,0
3907480,5,спасибо просить загружать квитанция личный кабинет дополнительный запрос,1,0,0,0,0,0
3907589,5,всё прекрасно,0,0,0,0,1,0
3907672,5,всё быстро качественно спасибо,0,1,0,1,0,0
3907792,5,консультация провести профессионально спасибо разъяснение рекомендация,0,1,0,0,0,0
3907928,5,спасибо починить дверь зайти проблема дверь работать отлично,0,0,1,0,0,0
3908011,5,спасибо работа,0,0,0,0,1,0
3908429,5,спасибо быстрый решение вопрос лояльность мастер подбор время,0,0,1,1,0,0
3908490,4,спасибо обратный связь надеяться приложение информация обновиться оплата пройти,1,0,0,0,0,0
3908579,5,спасибо чёткость быстрота,0,1,0,1,0,0
3908590,5,консультация настройка прибор выполнить очень быстро качественно профессионально спасибо,0,1,0,1,0,0
3908772,5,мастер выполнить работа быстро чисто всё отлично,0,0,1,0,0,0
3908843,5,самый хороший ук спасибо помощь быстрый работа мгновенный выполнение,0,0,0,1,1,0
3908929,5,очень быстро,0,0,0,1,0,0
3909086,5,спасибо оперативный ответ,0,0,0,1,0,0
3909146,5,очень удобно получать электронный квитанция давно пора,0,0,0,0,1,0
3909271,5,оперативно выполнить заявка спасибо,0,0,0,1,0,0
3909398,5,спасибо специалист,0,0,1,0,0,0
3909430,4,жалко заранее предупреждать проблема узнать новость написать раздел формирование квитанция заявка ук сразу понять написать,0,0,0,0,0,1
3909517,5,благодарить работа,0,0,0,0,1,0
3909595,5,всё решить перезвонить спасибо,0,0,0,0,1,0
3909682,5,очень быстро всё сделать,0,0,0,1,0,0
3909787,5,всё отлично жаль сотрудник компания дать услуга действовать скидка,0,0,0,0,1,0
3909863,5,очень приятный менеджер консультант который всё правильно подробно объяснять,0,0,1,0,0,0
3909888,5,спасибо всё супер,0,0,0,0,1,0
3910052,5,специалист прийти очень быстро всё быстро исправить спасибо,0,0,1,0,0,0
3910060,5,всё супер вопрос решить быстро,0,0,0,1,0,0
3910089,5,очень надеяться квитанция дублироваться приложение оперативно быстро поступить,0,0,0,0,0,1
3910233,5,спасибо девочка оператор,0,0,1,0,0,0
3910259,5,менеджер елизавета очень быстро решить вопрос спасибо,0,0,1,1,0,0
3910269,5,спасибо придумать пожалуйста способ это избежать будущее,0,0,0,0,0,1
3910346,5,спасибо работа выполнить качественно срок,0,1,0,1,0,0
3910406,5,прям молодец порадовать всё чётко,0,0,0,0,1,0
3910434,5,алексей профессионал свой дело быстро найти проблема устранить спасибо,0,0,1,0,0,0
3910685,5,подтверждать вчера вечером обнаружить устранить спасибо,0,0,0,0,0,1
3910836,5,вопрос решить,1,0,0,0,0,0
3910908,5,спасибо очень быстро сработать,0,0,0,1,1,0
3910977,5,добрый день спасибо разъяснение весь хороший,0,0,0,0,0,1
3911065,5,молодец электрик оперативно решить проблема,0,0,1,0,0,0
3911104,5,быстро аккуратно благодарить,0,1,0,1,0,0
3911134,5,спасибо пусть убирать часто,0,0,0,0,1,0
3911142,5,очень оперативно,0,0,0,1,0,0
3911182,5,всё вежливый информативный,0,0,0,1,1,0
3911339,5,спасибо забота наш здоровье экология это замечательный,1,0,0,0,0,0
3911355,5,работа сотрудник офис ук евгения,0,0,1,0,0,0
3911421,5,спасибо работа всё быстро качественно,0,1,0,1,0,0
3911514,5,спасибо проблема решить очень быстро,0,0,0,1,0,0
3911553,5,менеджер наталья дежурный сантехник больший благодарность оперативный решение проблема,0,0,1,1,0,0
3911570,5,спасибо оперативно полный мера ответить вопрос,0,0,0,1,1,0
3911586,5,быстро качественно устранить наш засор,0,1,1,1,0,0
3911663,5,спасибо всё качественно профессионально,0,1,0,0,0,0
3911763,5,быстро качественно спасибо,0,1,0,1,0,0
3911815,5,отличный функция спасибо,1,0,0,0,0,0
3911905,5,спасибо выполнить работа,0,0,0,0,1,0
3911957,5,очень оперативно благодарить,0,0,0,1,0,0
3911983,5,оперативно чётко сделать аккуратно прибраться работа,0,1,0,1,0,0
3912007,5,спасибо александр профессионализм быстрый работа,0,0,1,1,0,0
3912121,5,всё отлично сделать быстро дорого,0,0,0,1,0,0
3912199,5,спасибо менеджер страхование евгения гущина помощь оформление страховка настоящий профессионал свой дело исчерпывающий ответить всё интересовать вопрос,0,0,1,0,0,0
3912225,5,оперативно профессионально спасибо,0,0,0,1,0,0
3912227,5,специалист связываться заявка всё починить спасибо,0,0,1,0,1,0
3912230,5,течение час создание заявка всё устранить спасибо,0,0,0,1,0,0
3912246,5,ремонт выполнить,1,0,0,0,0,0
3912277,5,быстро решить проблема спасибо,0,0,0,1,0,0
3912521,5,работа мастер выполнить отлично проблема решиться личный визит ук,0,0,1,0,0,0
3912769,5,спасибо оксана петрина,0,0,1,0,0,0
3912975,5,всё оперативно спасибо,0,0,0,1,0,0
3913158,5,добрый день спасибо вопрос решить,1,0,0,0,0,0
3913176,5,всё быстро чётко спасибо,0,0,0,1,0,0
3913279,5,очень ответственный девушка ук,0,0,1,0,0,0
3913316,5,отлично всё работать,0,0,0,0,1,0
3913442,5,благодарность мастер сделать быстро качественно премия ренат,0,0,1,0,0,0
3913486,5,прислать вовремя заранее позвонить уточнить удобный время отличный мастер всё сделать быстро аккуратно,0,0,1,1,0,0
3913509,5,всё чётко объяснить вопрос остаться,0,0,0,0,1,0
3913566,5,вроде хороший слава бог,1,0,0,0,0,0
3913676,5,проблема решить быстро оперативно,0,0,0,1,0,0
3913971,5,очень быстро вежливый,0,0,1,1,0,0
3913976,5,второй специалист всё отлично решить спасибо,0,0,1,0,0,0
3914097,5,благадарить специалист,0,0,1,0,0,0
3914351,5,спасибо всё сделать супер,0,0,0,0,1,0
3914367,5,комод убрать спасибо оперативный решение,0,0,0,1,1,0
3914531,5,хотеть выразить особый благодарность татьяна проявить интерес вопрос,0,0,1,0,0,0
3914571,5,очень быстро отреагировать устранить проблема,0,0,0,1,1,0
3914622,5,всё дать правильно внести спасибо,0,0,0,0,0,1
3914767,5,спасибо оперативный помощь,0,0,0,1,0,0
3914795,5,спасибо ключ рабочий,1,0,0,0,0,0
3914807,5,круто быстро спасибо,0,0,0,1,0,0
3914918,5,быстро эффективно,0,0,0,1,0,0
3915053,5,отличный сантехник,0,0,1,0,0,0
3915342,5,оперативно благодарить,0,0,0,1,0,0
3915543,5,быстро среагировать решить проблема спасибо,0,0,0,1,1,0
3915644,5,быстро сделать,0,0,0,1,0,0
3916307,5,добрый день вопрос решить очень быстро благодарить работа оперативность,0,0,0,1,0,0
3916394,5,всё очень доступно всё объяснить,0,0,0,0,1,0
3916525,5,мастер всё рука спасибо,0,0,1,0,0,0
3916845,5,спасибо пока сломать,0,0,0,0,0,1
3917220,5,всё очень быстро качественно сделать сантехник сергей,0,1,1,1,0,0
3917445,5,спасибо очень внимательно клиентоориентированность высокий уровень,0,1,1,0,1,0
3917634,5,отличный обслуживание,0,0,1,0,0,0
3917644,5,всё решить,1,0,0,0,0,0
3918118,5,быстро выявить ошибка показание стать делать убыток позвонить уточнить решить всё спасибо меняться хороший сторона,0,0,1,1,0,0
3918621,5,ключ работать,1,0,0,0,0,0
3918647,5,спасибо выполнить работа быстро аккуратно,0,1,0,1,0,0
3918748,5,всё быстро качественно договориться спасибо,0,1,0,1,0,0
3919084,5,самый вежливый работник,0,0,1,0,0,0
3919087,5,чётко оперативно,0,0,0,1,0,0
3919099,5,спасибо выписка счёт сумма подкрепить приложение,0,0,0,0,0,1
3919231,5,достаточно быстро спасибо,0,0,0,1,0,0
3919253,5,оперативно устранить дать консультация,0,0,0,1,0,0
3919349,5,спасибо специалист оперативность профессионализм,0,1,0,1,0,0
3919367,5,напор стать хороший спасибо,0,0,0,0,1,0
3919407,5,благодарить качественный оперативный работа сотрудник ук хороший пожелание,0,1,1,1,0,0
3919607,5,всё отлично спасибо быстрый устранение проблема,0,0,0,1,1,0
3919776,5,оперативно среагировать прийти количество строитель помочь убрать весь вода,0,0,1,1,0,0
3919877,5,виталик молодец,0,0,1,0,0,0
3920112,5,спасибо всё быстро починить спасибо хороший работа,0,0,0,1,0,0
3920141,5,протечка смеситель ванная мастер прийти течение пол час поменять прокладка вопрос решить,1,0,1,0,0,0
3920353,5,самый хороший клиентский менеджер идеально решать всё вопрос,0,0,0,0,1,0
3920384,5,быстро устранить проблема,0,0,0,1,0,0
3920419,5,заявка выполнить мгновенно,0,0,0,1,0,0
3920519,5,спасибо татьяна быстро понятно всё объяснить,0,0,1,1,0,0
3920546,5,быстрый реакция обращение данный момент протечка,0,1,0,1,0,0
3920898,5,вопрос решить оперативно спасибо сантехник менеджер сожаление спросить имя,0,0,1,1,0,0
3920982,5,выполнить быстро качественно починить перила,0,1,0,1,0,0
3921006,5,спасибо оперативно отработать заявка,0,0,0,1,0,0
3921008,5,очень грамотный специалист устранить моментально,0,0,1,1,0,0
3921012,5,спасибо оперативный уборка,0,0,0,1,0,0
3921069,5,проблема решить дверь взаимодействие овд игнорировать,0,0,0,0,0,1
3921087,5,спасибо очень быстро оперативно мастер классный отлично знать свой работа,0,0,1,1,0,0
3921135,4,звезда прийтись действовать руководство поэтому четыре,1,0,0,0,0,0
3921169,5,сантехник прийти течение минута вежливый проблема разрешить,0,0,1,1,0,0
3921394,5,спасибо сегодня возвращаться домой запах почувствовать,0,1,0,0,0,0
3921414,5,электрик прибежать оперативно отключить сигнал пожарный тревога,0,0,1,1,0,0
3921610,5,всё быстро оперативно спасибо,0,0,0,1,0,0
3921850,4,проблема устранить сообщить запрос сколько потребоваться время её решение,1,0,0,0,0,0
3921888,5,спасибо прямой связь специалист который смочь устранить неисправность,0,0,1,0,0,0
3921907,5,проблема решить всё работать,1,1,0,0,0,0
3922048,5,день звонить занятый руль извинить вечером прислать домой всё пересмотреть проверить ваш информация спасибо всё понятно всё каждый вопрос ответить спасибо,0,0,0,0,1,0
3922180,5,спасибо всё нормально работать,0,0,0,0,1,0
3922350,5,очень оперативно вс исправить,0,0,0,1,0,0
3922395,5,быстро качествено оперативно,0,1,0,1,0,0
3922415,5,отзвониться зафиксировать дежурный электрик молодец,0,1,1,0,0,0
3922505,5,всё очень быстро сделать,0,0,0,1,0,0
3922516,5,спасибо быстрый решение заявка,0,0,0,1,0,0
3922726,5,электрик прийти всё проверить объяснить всё спасибо,0,0,1,0,1,0
3922770,5,положительный эмоция специалист очень ответственный благодарность,0,1,1,0,0,0
3922826,5,откусить конец сгореть ноль заменить левый автомат наблюдать далее,1,0,0,0,0,0
3922849,5,мастер александр спасибо,0,0,1,0,0,0
3922963,5,вежливый доброжелательный разъяснить подсказать,0,0,1,0,0,0
3923000,5,хороший девушка менеджер очень понятливый войти положение весь житель донести это руководство благодарить её,0,0,1,0,0,0
3923075,5,спасибо оперативность хороший день,0,0,0,1,0,0
3923181,5,всё быстро прийти мастер сделать всё чётко,0,0,1,1,0,0
3923198,5,самый главное оперативно,0,0,0,1,0,0
3923385,5,прекрасный мастер,0,0,1,0,0,0
3923395,5,сергей анатолиевич мастер свой дело выполнить работа быстро качественно спасибо,0,1,1,1,0,0
3923512,5,отличный специалист вопрос решить спасибо,0,0,1,0,0,0
3923554,5,устранить неполадка очень оперативно качественно спасибо,0,1,0,1,0,0
3923598,1,сделать написать наш город заявка сосед,1,0,0,0,0,0
3923670,5,оперативно быстро спасибо сергей,0,1,1,1,0,0
3923717,5,спасибо классный,0,1,0,0,0,0
3923890,5,хороший вид,0,0,0,0,1,0
3924204,5,благодарить оперативный устранение проблема отдельный благодарность мастер подробный разъяснение причина отсутствие горячейвода приятный общение человеческий отношение,0,0,1,1,0,0
3924313,5,всё быстро оперативно,0,0,0,1,0,0
3924411,4,вопрос решить мусорк снова полный поставить контейнер,1,0,0,0,0,0
3924430,5,спасибо делать хотя заранее предупреждать ранний отключение вода человек вечер успеть её набрать,0,0,0,0,0,1
3924431,5,приехать быстро спасибо,0,0,0,1,0,0
3924473,5,всё быстро работа выполнить,0,0,0,1,0,0
3924568,5,спасибо отлично,0,0,0,0,1,0
3924647,5,спасибо быстрый реакция,0,0,0,1,0,0
3924661,5,всё супер,0,0,0,0,1,0
3924836,5,претензия,1,0,0,0,0,0
3924911,5,спасибо мастер всё починить объяснить,0,0,1,0,0,0
3925142,5,спасибо весь помочь решить данный проблема,0,0,0,0,1,0
3925271,5,спасибо петрина оксана вдадимирович заявка смочь правильно ответить заявка остальной мочь увольнять работать видно галочка,0,0,1,0,0,0
3925338,5,всё очень,0,0,0,0,1,0
3925459,5,замечательный шутро быстро сделать молодец,0,0,0,1,0,0
3925547,5,спасибо решить оперативно,0,0,0,1,0,0
3925616,5,отличный специалист,0,0,1,0,0,0
3925656,5,спасибо никита,0,0,1,0,0,0
3925871,5,оперативно очень вежливый сантехник приятно общаться получить решение проблема минута спасибо,0,0,1,1,0,0
3926222,5,спасибо информация,1,0,0,0,0,0
3926410,5,очень нравиться стать поливать газон,1,0,0,0,0,0
3926559,5,мастер супер,0,0,1,0,0,0
3926660,5,спасибо скорость,0,0,0,1,0,0
3926685,5,спасибо дежурный сантехник,0,0,1,0,0,0
3926847,5,сотрудник позвонить всё понятно объяснить спасибо,0,0,1,0,0,0
3926885,5,спасибо татьяна хороший день,0,0,1,0,0,0
3926964,5,благодарить ук оперативность решение вопрос,0,0,0,1,0,0
3927330,5,сотрудник супер вежливый работа выполнить,0,0,1,0,1,0
3927378,5,спасибо очень быстро принять мера,0,0,0,1,0,0
3927480,5,всё доступно объяснить,0,1,0,0,0,0
3927514,5,отличный специалист всё показать рассказать объяснить,0,0,1,0,0,0
3927621,5,отзывчивый менеджер весь спасибо быстрота,0,0,1,0,0,0
3927634,5,дать консультация ждать решение,0,0,0,0,0,1
3927815,5,оперативно чётко решить вопрос благодарить,0,0,0,1,1,0
3927826,5,всё высокий уровень,0,0,0,0,1,0
3927965,5,спасибо включить кран,0,0,0,0,1,0
3928090,5,хороший специалист спасибо,0,0,1,0,0,0
3928119,5,проблема решить дать исчерпывающий разъяснение рекомеедация,0,0,0,0,0,1
3928138,5,идеально,0,0,0,0,1,0
3928192,5,спасибо помощь мария решить быстро вопрос настоящий специалист,0,0,1,1,0,0
3928288,5,всё пройти быстро спасибо сотрудник,0,0,1,1,0,0
3928290,5,благодаря помощь анастасия быстро всё решить отличный оперативный работа,0,0,1,1,0,0
3928297,5,быстро оперативно спасибо мастер,0,0,1,1,0,0
3928345,5,спасибо ваш работа,0,0,0,0,1,0
3928349,5,всё устранить короткий срок молодец,0,1,0,1,0,0
3928497,5,быстро качественно лишний вопрос нюанс,0,1,0,1,1,0
3928888,5,спасибо быстрый решение вопрос,0,0,0,1,0,0
3929431,5,мгновенно спасибо,0,0,0,1,0,0
3929549,5,оказаться это авария нюанс система водоснабжение отопление всё подробно объяснить спасибо,1,0,0,0,0,0
3929557,5,спасибо отличный работа прекрасный коллектив,1,0,1,0,0,0
3929624,5,спасибо оперативно устранить проблема,0,0,0,1,0,0
3929881,5,быстро понятно спасибо,0,0,0,1,0,0
3929918,4,спасибо проявить участие инциатив,0,0,0,0,0,1
3929997,5,заявка быстро отреагировать,0,0,0,1,0,0
3930019,5,заменить,1,0,0,0,0,0
3930202,5,спасибо оперативный реагирование устранение неисправность,0,1,0,1,0,0
3930255,5,спасибо оперативность решение вопрос,0,0,0,1,0,0
3930387,5,грамотный специалист,0,0,1,0,0,0
3930751,5,электрик быстро прийти всё устранить спасибо очень довольный работа,0,1,1,1,0,0
3930767,5,спасибо оперативность желательно проверить столб освещение,0,0,0,1,0,0
3930838,5,супер оперативно,0,0,0,1,0,0
3930866,5,быстро умтранить,0,0,0,1,0,0
3930927,5,оперативно качественно мастер решить проблема спасибо,0,1,1,1,0,0
3931016,5,быстро исправить спасибо,0,0,0,1,0,0
3931695,5,благодарить помощь,1,0,0,0,0,0
3932129,5,оперативно аккуратно удобный время,0,0,0,1,0,0
3932312,5,быстро обработать заявка спасибо оперативность,0,0,0,1,0,0
3932459,5,молодец спасибо,1,0,0,0,0,0
3932495,5,всё сделать отлично,0,0,0,0,1,0
3932575,5,хороший мастер сделать всё быстро,0,0,1,1,0,0
3932622,3,проблема решить сходить офис разьяснить палец,1,0,0,0,0,0
3932847,5,работа выполнить краткий срок благодарить,1,0,0,1,0,0
3932946,5,мастер прийти следующий день ответить всё вопрос выдать рекомендация устранение проблема спасибо,0,1,1,0,0,0
3932950,5,всё сделать очень быстро спасибо,0,0,0,1,0,0
3932971,5,личный общение решить всё вопрос полный взаимопонимание отлично выполнить работа,0,1,0,0,1,0
3933159,5,спасибо отреагировать очень быстро,0,0,0,1,0,0
3933243,5,очень быстро отреагировать посмотреть далёкий,0,0,0,1,0,0
3933289,5,здравствуйте спасибо геннадий работа всё проверить решить работа просьба ранее вопрос решить закрывать заявка просто передавать информация специалист указанный сфера,0,0,1,0,0,0
3933331,5,благодарить оперативный решение ответственный сотрудник держать курс выполнение заявка отдельный спасибо очень клиентоориентировать подход спасибо,0,0,1,0,0,0
3933799,5,вауа супер спасибо,0,0,0,0,1,0
3934049,5,спасибо очень помочь быстро профессионально,0,0,0,1,1,0
3934120,5,всё нормально спасибо,1,0,0,0,0,0
3934243,5,спасибо татьяна вопрос решиться очень оперативно чётко,0,0,1,1,0,0
3934485,5,спасибо оператор деж аварийный смена оперативный работа,0,0,1,1,0,0
3934520,1,проблема решить временно надеяться люк поменять,0,0,0,0,0,1
3934549,5,отреагировать оперативно проблема решить исправить звонок телефон,0,0,0,1,0,0
3934613,5,ольга птушкина очень быстро грамотно решить наш вопрос спасибо,0,0,1,1,0,0
3934650,5,спасибо обратный связь,1,0,0,0,0,0
3934651,5,очень оперативно внести дать поверка,0,0,0,1,0,0
3934695,5,спасибо быстро среагировать,0,0,0,1,0,0
3934911,2,решиться,1,0,0,0,0,0
3934913,5,сантехник очень быстро отключить вода сварщик очень быстро качественно устранить проблема вновь надеяться увидеться,0,0,1,1,0,0
3934970,5,быстро среагировать,0,0,0,1,0,0
3935103,5,всё сделать течение час спасибо,0,0,0,1,0,0
3935268,5,спасибо оперативно всё сделать,0,0,0,1,0,0
3935291,5,спасибо фотоотчёт,1,0,0,0,0,0
3935478,5,спасибо свет сделать,0,0,0,0,1,0
3935483,5,быстро отреагировать пятёрка спасибо,0,0,0,1,0,0
3935575,5,мастер свой дело,1,0,0,0,1,0
3935602,5,отличный сантехник спасибо работа,0,0,1,0,0,0
3935655,5,замечание устранить,1,0,0,0,0,0
3935801,5,оперативно исправить неполадка спасибо,0,0,0,1,0,0
3935871,5,благодарность оперативный корректный решение вопрос,0,1,0,1,0,0
3936198,5,татьяна супер сотрудник оперативно решать всё вопрос касательно аренда парковочный место пригород лесной татьяна максимально ответственный отзывчивый человек хороший сотрудник управлять компания личный мнение,0,0,1,1,0,0
3936258,5,реагировать быстро отключить сигнализация пожарный тревога спасибо,0,0,0,1,1,0
3936309,5,спасибо проверить пеекрасный работа,1,0,0,0,1,0
3936353,5,спасибо оперативно,1,0,0,1,0,0
3936497,3,ответить быстро увы смочь сделать,0,0,0,1,0,1
3936508,5,спасибо быстрый устранение проблема,0,0,0,1,0,0
3936546,5,здравствуйте спасибо дежурный диспетчер перезвонить течение минута подача заявка благодарить сотрудничество уважение ю п,0,0,1,1,0,0
3936571,5,чётко понятно спасибо,0,1,0,0,0,0
3936715,5,спасибо оператор умничка,0,0,1,0,0,0
3936835,5,спасибо проблема мастер решить быстро качественно,0,1,1,1,0,0
3936898,5,спасибо валерий всё исправить дом тишина спокойствие,0,0,1,0,1,0
3936999,5,лифт работать спасибо,1,0,0,0,1,0
3937078,5,спасибо оперативно качественно,0,1,0,1,0,0
3937325,5,специалист приехать быстро спустить грузовой застрять лифт этаж освободить человек спасибо,0,0,1,1,0,0
3937478,5,ольга спасибо хороший день,0,0,1,0,0,0
3937801,4,надпись убрать внешний вид панель щит испортить остаться царапина,0,0,0,0,0,1
3937869,5,всё решить оперативно,1,0,0,1,0,0
3938059,5,работа непосредственно замена сливной фурнитура ванна выполнить быстро качественно согласование работа процесс бесконечный сожаление польза собственник удаться достигнуть консенсус,0,1,0,1,0,0
3938452,4,устранить быстро хотеться заметить целое недостаток крепление проектирование металлический дверь доводчик крепиться обычный самореза кол ву дырка старый место видно методика крепление продумать самореза металл слабо жить решение недолгий жизненный цикл,0,0,0,1,0,1
3938472,5,очень быстро ответить,0,0,0,1,0,0
3938558,5,мастер достаточно быстро решить наш вопрос повернуть направление регулятор температура батарея отопление сторона выполнение работа аккуратно всё протереть приятно спасибо,0,1,1,1,0,0
3938590,5,всё оперативно качественно,0,1,0,1,0,0
3938597,5,всё сделать быстро профессионально,0,1,0,1,0,0
3938642,5,хороший сотрудник приятно общаться получать ответ всё вопрос,0,0,1,0,0,0
3938725,5,очень быстро оперативно ответить спасибо,0,0,0,1,0,0
3938879,5,спасибо мастер оперативность,0,0,0,1,0,0
3938894,5,спасибо быстро ответить,0,0,0,1,0,0
3939087,5,спасибо качественный работа,0,1,0,0,0,0
3939089,5,спасибо понимание,1,0,0,0,0,0
3939235,5,очень приятный инженер,0,0,1,0,0,0
3939342,5,благодарить починка лифт работать,1,0,0,0,0,0
3939350,5,оперативно сделать спасибо,0,0,0,1,0,0
3939447,5,быстро чётко спасибо,0,0,0,1,0,0
3939683,5,спасибо уборка,1,0,0,0,1,0
3939792,5,молодец наслать время проконсультировать,0,0,0,0,1,0
3939998,5,молодец спасибо оксана,0,0,1,0,1,0
3940096,5,супер кнопка светиться,0,0,0,0,1,0
3940375,5,прислать окно подкрутить быстро,1,0,0,1,0,0
3940395,5,спасибо поставить ждать отопление понять работать,0,0,0,0,1,0
3940717,5,быстро подъезд вполне,0,1,0,1,0,0
3940757,5,спасибо всё понятно благодушно разъяснить,0,0,0,0,1,0
3940842,5,быстро устранить,0,0,0,1,0,0
3940861,5,мастер всё сделать быстро всё отлично работа довольный,0,0,1,1,1,0
3940903,5,спасибо оперативный обратный связь,0,0,0,1,0,0
3940995,5,спасибо грамотный специалист,0,0,1,0,0,0
3941055,5,отличный специалист максим луговой,0,0,1,0,0,0
3941141,5,спасибо всё сделать,0,0,0,0,1,0
3941162,5,отличный работа очень профессиональный вежливый сотрудник,0,0,1,0,0,0
3941310,5,быстро сработать позвонить сказать всё ложный тревога,0,1,0,1,0,0
3941386,5,быстро оперативно демонтировать замок,0,1,0,1,0,0
3941503,5,спасибо сантехник,0,0,1,0,0,0
3941548,5,супер быстро помочь телефон помочь всё решить отлично,0,1,0,1,0,0
3941672,5,лифт снова работать заявка исполнить очень быстро,0,0,0,1,1,0
3941724,5,сотрудник ук никита уборщица нормально помыть этаж,0,0,1,0,0,0
3941762,5,проблема устранить достаточно оперативно,0,0,0,1,0,0
3941800,5,спасибо сотрудник ук никита благодаря нормально помыть этаж спасибо,0,0,1,0,0,0
3941819,5,вопрос молодец супер оперативно,0,0,0,1,1,0
3941927,5,всё пройти отлично заранее позвонить предупредить приход сделать всё быстро вежливый разуться хотя говорить нужно пыльно спасибо,0,0,1,0,1,0
3941951,5,благодарить имя ребёночек родитель,0,0,0,0,1,0
3942424,5,оперативно мастер подойти всё неполадка устранить мастер тактичный молодой человек спасибо,0,0,1,1,0,0
3942447,5,исправить,1,0,0,0,0,0
3942595,5,благодарить оперативность хороший день,0,0,0,1,1,0
3942634,5,оперативно решить вопрос спасибо,0,0,0,1,0,0
3942777,5,замечательный мастер,0,0,1,0,0,0
3942812,5,скорость супер,0,0,0,1,0,0
3942818,5,быстро проучить,0,0,0,1,0,0
3942831,5,роман коллега супер специалист,0,0,1,0,0,0
3942841,5,спасибо мария,0,0,1,0,0,0
3942887,5,спасибо помощь проделать работа,0,1,0,0,1,0
3943072,5,спасибо ольга очень помочь ответить всё вопрос,0,0,1,0,1,0
3943196,5,выполнить отлично,0,0,0,0,1,0
3943364,5,спасибо быстрый реагирование заявка,0,0,0,1,0,0
3943589,5,всё работать спасибо,0,0,0,0,1,0
3943607,5,супербыстро спасибо,0,0,0,1,0,0
3943634,5,спасибо сантехник геннадий качественно оказать услуга профессионализм приятно иметь дело человек,0,1,1,0,0,0
3944008,5,спасибо вопрос решить сжатый срок предоставить обратный связь,0,0,0,1,1,0
3944164,5,электрик снять показание ждать ответ,0,0,0,0,0,1
3944509,5,течь устранить,1,0,0,0,0,0
3944648,5,спасибо проверка обратный звонок разъяснение,0,0,0,0,1,0
3944742,5,спасибо убирать регулярно заявка,1,0,0,0,0,0
3944861,5,оперативно решить проблема,0,0,0,1,0,0
3944996,5,спасибо всё отлично,0,0,0,0,1,0
3945026,5,всё быстро срок спасибо,0,0,0,1,0,0
3945035,5,очень добрый женщина,0,0,1,0,0,0
3945243,4,небольшой неточность консультация нужно набрать код домофон нажать колокольчик панель иначе домашний подъезд пропускать,0,0,0,0,0,1
3945310,5,супер специалист,0,0,1,0,0,0
3945582,5,выполнить быстро хотеться это происходить,0,0,0,1,0,0
3945698,5,всё рассказать объяснить,1,0,0,0,0,0
3945746,5,всё оперативно быстро спасибо,0,0,0,1,0,0
3945794,5,спасибо удивление вопрос решить быстро оперативно,0,0,0,1,0,0
3945901,5,решить ситуация быстро спасибо,0,0,0,1,0,0
3946019,5,спасибо всё выполнить быстро качественно,0,1,0,1,0,0
3946026,5,андрей всё сделать,0,0,1,0,0,0
3946274,5,спасибо лифт заработать,1,0,0,0,0,0
3946414,5,специалист прекрасно выполнить работа благодарный отзывчивость сотрудник,0,0,1,0,1,0
3946690,5,быстро решить проблема,0,0,0,1,0,0
3946716,5,очень оперативно справиться,0,0,0,1,0,0
3946729,5,спасибо очень быстро отреагировать,0,0,0,1,0,0
3946768,5,всё сделать оперативно мастер воронков сергей сделать всё быстро,0,0,1,1,0,0
3946799,5,очень оперативно решить проблема,0,0,0,1,0,0
3946853,5,всё спасибо,0,0,0,0,1,0
3946899,5,добрый день работа исполнить благодарить,1,0,0,0,0,0
3946934,5,спасибо татьяна весь информация обновить,0,0,1,0,0,0
3947311,5,очень подробно спасибо консультация,0,0,0,0,1,0
3947727,5,отзывчивый приятный готовый сразу оформить акт ещё проверить сушилка обнаружить сто кнопка включение,0,0,0,0,1,0
3947806,5,спасибо наш ук специалист причина отсутствие электричество найти сразу быстро устранить,0,0,0,1,1,0
3947834,5,спасибо робот,0,0,0,0,1,0
3947929,5,прекрасно выполнить работа получить ценный рекомендация будущее спасибо,0,0,0,0,1,0
3947984,5,быстро отключить пожарный вытяжка,0,0,0,1,0,0
3948043,5,потрясающе,0,0,0,0,1,0
3948159,5,сделать всё быстро качественно,0,1,0,1,0,0
3948185,5,быстро приехать мастер составить акт,0,0,1,1,0,0
3948226,5,супер мег оперативно спасибо,0,0,0,1,0,0
3948403,5,отличный работа мастер быстро качественно,0,1,1,1,0,0
3948418,5,спасибо своевременный обратный связь всё чётко объяснить культурно,0,0,0,0,1,0
3948436,5,отличный мастер спасибо помощь,0,0,1,0,0,0
3948528,5,благодарить оперативность понимание,0,0,0,1,1,0
3948632,5,спасибо оперативность качество,0,1,0,1,0,0
3948735,5,спасибо решить свой проблема очень платить вовремя долг писать,0,0,0,0,0,1
3948738,5,разобраться спасибо,1,0,0,0,0,0
3948958,5,мастер быстро прийти быстро понять проблема быстро устранить её общий всё отлично спасибо,0,0,1,1,0,0
3949033,5,работа выполнить отлично быстро качественно спасибо,0,1,0,1,0,0
3949214,5,спасибо молодец,1,0,0,0,0,0
3949304,5,спасибо быстрый качественный решение вопрос,0,1,0,1,0,0
3949394,5,всё отлично специалист прийти минута заявка всё оперативно починить,0,0,1,1,0,0
3949561,5,спасибо уборка лифт это временной решение проблемма гадить систематически просьба выявить наказать нарушитель,1,0,0,0,0,0
3949596,5,мастер самый хороший спасибо сотрудник,0,0,1,0,0,0
3949613,5,спасибо быстро сделать красивый светодиодный лампа поставить,0,0,0,1,0,0
3949687,5,оперативно отреагировать заявка устранить,0,0,0,1,1,0
3949875,5,добрый день спасибо прекрасный сотрудник,0,0,1,0,0,0
3949884,5,спасибо оперативность укладка плитка остаться незаделать шов стык сравнение этаж холл шов ровно закрытый просьба завершить работа конец,0,0,0,1,0,1
3950162,5,заявка выполнить слово электрика заявка выполнить квартира собственник проживать,0,0,0,0,0,1
3950433,5,мастер прийти быстро всё быстро сделать,0,0,0,1,0,0
3950683,5,спасибо максимально быстро качественно просто сотрудник месяц,0,1,1,1,0,0
3950893,5,это скорость спасибо,0,0,0,1,0,0
3951189,5,шикарный специалист спасибо отличный работа скорость,0,0,1,1,0,0
3951598,5,первый быстро,0,0,0,1,0,0
3951714,5,добрый утро спасибо больший просьба ранее это светильник менять лампочка лампочка цоколь ставить переходник вернуть пожалуйста,1,0,0,0,0,1
3952062,5,оперативно качественно,0,1,0,1,0,0
3952142,5,остановить течь дать рекомендация делать далёкий спасибо,0,1,0,0,1,0
3952250,5,оперативно вежливый москва,0,0,0,1,1,0
3952354,5,спасибо оперативность понять почему редуктор поставить плохой весь менять,0,0,0,1,0,1
3952439,5,спасибо сантехник быстро устранить засор,0,0,1,1,0,0
3952848,5,приехать быстро всё сделать чётко благодарить,0,0,0,1,0,0
3953130,5,вода стать тёплый,1,0,0,0,0,0
3953192,5,спасибо мастер всё быстро сделать,0,0,1,1,0,0
3953263,5,спасибо быстрый качественный работа,0,1,0,1,0,0
3953366,5,всё подробно показать объяснить спасибо,0,1,0,0,1,0
3953752,5,спасибо разъяснение,0,0,0,0,1,0
3953818,5,сантехник объяснить причина проблема хороший напор вода нужно менять смеситель картридж понятно спасибо,0,0,1,0,0,0
3954582,5,отличный мастер решить профессионально вопрос спасибо,0,0,1,0,1,0
3954839,5,спасибо консультант помочь решение проблема объяснить всё очень доступно спасибо,0,0,1,0,1,0
3955070,5,супер менеджер,0,0,1,0,0,0
3955195,5,спасибо быстрый реакция успокоить,0,0,0,1,1,0
3858246,1,кнопка лифт этаж грузовой лифт сей пора работать,0,0,0,0,0,1
3861485,1,кнопка всё вываливаться,0,0,0,0,0,1
3862765,1,верить действительно травить,0,0,0,0,0,1
4237692,5,быстро прислать код единственный смущать код лёгкий слишком,0,0,0,1,0,0
4237302,5,спасибо быстро оперативно закрепить светильник,0,0,0,1,0,0
4237239,5,всё быстро решить спасибо,0,0,0,1,0,0
4237163,5,оперативный решение вопрос спасибо,0,0,0,1,0,0
4237053,5,благодарить оперативный предоставление информация,0,0,0,1,0,0
4236894,5,всё прекрасно оперативно акт хотеться получить,0,0,0,1,0,0
4236740,5,спасибо оперативность супер,0,0,0,1,0,0
4236551,5,спасибо быстрый ответ всё понятно объяснить,0,0,0,1,0,0
4236530,5,молниеносно,0,0,0,1,0,0
4236406,5,всё отлично сантехник оперативно прийти всё устранить видно спец свой дело,0,0,1,1,0,0
4236382,5,оперативно профессионально всё устранить спасибо,0,0,0,1,0,0
4236102,5,мастер молодец,0,0,1,0,0,0
4235894,5,специалист выйти связь заявка достаточно быстро консультация требоваться муж справиться задача самостоятельно,0,0,0,1,0,1
4235790,5,добросовестный мастер виктор,0,0,1,0,0,0
4235478,5,сожаление протечка всё равно небольшой нужно менять гайка,0,0,0,0,0,1
4235471,5,батарея остыть идти почему заявка закрытый,0,0,0,0,0,1
4235354,5,всё отлично сделать де день спасибо,0,0,0,1,1,0
4235110,5,понимать отрапортовать работа выполнить скрипеть дверь хлопать всё остаться изменение,0,0,0,0,0,1
4234433,5,благадарить оказать услуга,1,0,0,0,0,0
4234406,5,спасибо антон грамотность свой работа,0,0,1,0,0,0
4234085,5,спасибо дмитрий прийти оперативно всё сделать,0,0,1,1,0,0
4233842,5,спасибо оперативный решение заявка,0,0,0,1,0,0
4233795,5,здравствуйте нужный подтверждение оплата квитанция прислать пожалуйста,0,0,0,0,0,1
4233537,5,вопрос декабрь сумма р больший разница,0,0,0,0,0,1
4233528,5,быстро слово сантехника всё сделать,0,0,1,1,0,0
4233496,5,мастер прийти быстро пломба поставить быстро спасибо,0,0,1,1,0,0
4233386,5,консультация вопрос обновление приложение слетать настройка нехорошо,0,0,0,0,0,1
4233334,5,получить схема застройщик бояться повредить проводка розетка выключатель монтаж,0,0,0,0,0,1
4233035,5,оперативно прислать выполнить осмотр составить акт всё интересовать вопрос ответить благодарить,0,0,1,1,0,0
4233009,5,всё быстро,0,0,0,1,1,0
4232957,5,мастер молодец быстро всё качественно сделать,0,1,1,1,0,0
4232822,5,оперативно восстановить элетроэнергия,0,0,0,1,0,0
4232820,5,довольно быстро ликвидировать отсутствие электричество,0,0,0,1,0,0
4232446,5,вежливый специалист,0,0,1,0,0,0
4232359,5,кирилл спасибо позвонить разъяснить ограничение,0,0,1,0,0,0
4232163,5,ответ вопрос предоставить,1,0,0,0,0,0
4232155,5,сантехник валерий объяснить всё телефон пока проблема,0,0,1,0,0,0
4232114,5,быстро оперативно спасибо,0,0,0,1,0,0
4232099,5,спасибо дать сотрудник,0,0,1,0,0,0
4231772,5,звонок поступать звонок,0,0,0,0,0,1
4231359,5,спасибо быстрота,0,0,0,1,0,0
4231245,5,специалист оперативно устранить поломка очень довольный благодарить оперативность специалист выписать премия,0,0,1,1,0,0
4231128,5,быстро отреагировать достаточно быстро устранить течь вечером сантехник ещё прийти удостовериться всё порядок спасибо,0,0,1,1,0,0
4231026,5,спасибо дверь починить,1,0,0,0,0,0
4230799,5,спасибо счётчик заработать,1,0,0,0,0,0
4230769,5,отличный работа быстро качественно аккуратно спасибо,0,0,0,1,0,0
4230424,5,счёт р всё ещё личный кабинет,0,0,0,0,0,1
4230360,5,спасибо оперативность всё настроить,0,0,0,1,0,0
4230075,5,вчера сказать несколько диспетчер заявка протечка жк,0,0,0,0,0,1
4229868,5,всё оперативно исправить молодец,0,0,0,1,0,0
4229707,5,прилья быстро спасибо,0,0,0,1,0,0
4229497,5,спасибо оперативно помочь решить вопрос,0,0,0,1,1,0
4229412,5,оперативно решить вопрос,0,0,0,1,0,0
4229330,5,около спасибо,1,0,0,0,0,0
4229242,5,хороший мужчина консультировать,0,0,1,0,0,0
4229169,5,очень удобно,1,0,0,0,0,0
4229078,5,спасибо уважение евгений,0,0,0,0,1,0
4228897,5,сантехник приехать оперативно устранить протечка смеситель спасибо,0,0,1,1,0,0
4228768,5,специалист отличный вежливый быстро сделать очень довольный,0,0,1,1,0,0
4228491,5,быстро решить проблема электрик прислать сразу заявка спасибо,0,0,1,1,0,0
4228481,5,здравствуйте спасибо специалист быстрый ответ решение наш проблема,0,0,1,1,0,0
4228411,5,оперативно быстро супер,0,0,0,1,0,0
4228313,5,устный разрешение установка кодовый замок получить установка сообщить код управлять компания спасибо,0,0,0,0,0,1
4228280,5,детализация предоставить закащана просьба выдать всё месяц год,0,0,0,0,0,1
4227944,5,слишком часто ломаться лифт,0,0,0,0,0,1
4227915,5,всё замечательный,1,0,0,0,0,0
4227850,5,спасибо помощь решение вопрос,1,0,0,0,0,0
4227759,5,быстро отключить спасибо,0,0,0,1,0,0
4227554,5,оценка оперативность отлично уборка спасибо,0,0,0,1,0,0
4227480,5,приходить ук сказать деньга купить новый ключ основание выдать рабочий платить домофон ещё ключ должный покупать сосед дать бесплатно,0,0,0,0,0,1
4227035,5,спасибо вопрос решить быстро специалист профессионал свой дело,0,0,1,1,0,0
4226978,5,починить,1,0,0,0,0,0
4226802,5,спасибо быстро отреагировать проблема решить,1,0,0,1,0,0
4226734,5,приятно удивить вопрос решиться менее сутки спасибо красиво отравлять воздух портить вид,0,0,0,1,0,0
4226718,5,всё прекрасно спасибо,0,0,0,0,1,0
4226706,5,спасибо всё быстро устранить,0,0,0,1,0,0
4226692,5,здорово подсказать догадаться,0,0,0,0,0,1
4226652,5,спасибо куприянов,0,0,1,0,0,0
4226636,5,спасибо специалист ук который небезразличный спасибо куприянов,0,0,1,0,0,0
4226443,5,быстро исправить причина шум щиток спасибо оперативность,0,0,0,1,0,0
4226268,5,спасибо разъяснение всё ясно понятно,0,0,0,0,1,0
4226175,5,оперативно отреагировать быстро сделать спасибо,0,0,0,1,0,0
4226089,5,спасибо сказать пожалуйста андроид откуда скачать данный приложение получаться писать поддерживаться,0,0,0,0,0,1
4225989,5,спасибо скорость работа,0,0,0,1,0,0
4225811,5,стул привезти зеркало,0,0,0,0,0,1
4225753,5,сантехник прийти всё сделать,0,0,1,1,0,0
4225724,5,спасибо александр всё оперативно выполнить очень внимательно уважительно исполнить заказ,0,0,1,1,0,0
4225635,5,спасибо ждать перерасчёт,1,0,0,0,0,0
4225626,5,очень оперативно решить вопрос спасибо,0,0,0,1,0,0
4225575,5,красавчег,1,0,0,0,0,0
4225435,5,спасибо всё устранить,1,0,0,0,0,0
4225170,5,прислать очень оперативно,0,0,0,1,0,0
4225040,5,отличный аккуратный специалист,0,0,1,0,0,0
4225032,5,всё сделать быстро качественно спасибо мастер,0,1,1,1,0,0
4224936,5,супер мастер,0,0,1,0,0,0
4224874,5,мерси,1,0,0,0,0,0
4224703,5,спасибо решение вопрос,1,0,0,0,0,0
4224664,5,спасибо всё исправить,1,0,0,0,0,0
4224554,5,спасибо всё понять,0,0,0,0,0,1
4224482,5,жаль первый звонок,0,0,0,0,0,1
4224118,5,просьба очищать своевременна дожидаться заявка,0,0,0,0,0,1
4224033,5,мастер отключить колонка оповещение сеть пищать перестать оповещать,0,0,0,0,0,1
4224005,5,наслать причина,1,0,0,0,0,0
4223977,5,оперативно удобно,1,0,0,1,0,0
4223959,5,всё отлично выявить проблема,1,0,0,0,0,0
4223869,5,спасибо всё очень оперативно приятно слышать понимать весь добрый,0,0,0,1,1,0
4223859,5,весь ночь стоять палета стеллаж подъезд,0,0,0,0,0,1
4223800,5,ответ вопрос,0,0,0,0,0,1
4223661,5,сантехник прийти день обращение вопрос решить место спасибо оперативность,0,0,1,1,0,0
4223587,5,быстро спасибо,1,0,0,1,0,0
4223388,5,оперативно заменить опломбировать спасибо,0,0,0,1,0,0
4223285,5,классно,1,0,0,0,0,0
4223272,5,ремонтный работа дать заявка выполнить полный объём краткий срок,0,1,0,1,0,0
4223241,5,всё сделать быстро,0,1,0,1,0,0
4223153,5,нужно присутствовать съём контрольный показание счётчик всё коридор возможно вызов выход день,0,0,0,0,0,1
4223142,5,быстро оперативно помочь решить вопрос,0,0,0,1,0,0
4223029,5,спасибо быстро освободить,0,0,0,1,0,0
4222957,5,электрик смочь настроить свет коридор удалённый помощь отключение электричество квартира правда это снова отвалиться интернет снова пятница прийти монтажник настраивать роутер прошлое посещение монтажник свет коридор закончиться,0,0,1,0,0,1
4222777,5,тяп ляп ладный везде,1,0,0,0,0,0
4222690,5,спасибо видеть счётчик приложение,1,0,0,0,0,0
4222643,5,сергей настоящий профи всё чётко дело очень рада именно достаться наш заявка спасибо,0,1,1,0,0,0
4222607,5,очень вежливый контактный мастер положительный впечатление подход работа выполнение,0,0,1,0,0,0
4222565,5,заявка подавать подвал это автоматически,0,0,0,0,0,1
4222446,5,профессионал всё решить,1,0,0,0,0,0
4222362,5,спасибо мастер работа,0,0,1,0,0,0
4222340,5,сантехник андрей качественно выполнить свой работа,0,1,1,0,0,0
4222299,5,быстрый решение спасибо руслана,0,0,1,1,0,0
4222276,5,всё отлично решить всё,1,0,0,0,0,0
4222274,5,вписать ещё человек,0,0,0,0,0,1
4222082,5,спасибо быстрый решение,0,0,0,1,0,0
4221927,5,очень часто ломаться,0,0,0,0,0,1
4221917,5,спасибо очень быстро решить вопрос заявка,0,0,0,1,1,0
4221772,5,посмотреть прайс услуга ваш электрик инкогнито цена который озвучивать,0,0,0,0,0,1
4221569,5,делать родитель говорить прийти гость лифт постоянно работать,0,0,0,0,0,1
4221567,5,делать далёкий постоянно лифт выходить строй,0,0,0,0,0,1
4221565,5,давать уд чинить грузовой лифт отключить чинить очередь га лифт пассажирский лифт ломаться день делать нибыть,0,0,0,0,0,1
4221447,5,быстро отреагировать,0,0,0,1,0,0
4221334,5,снять звезда молчаливый закрытие заявка действительно прийти домой свет,1,0,0,0,0,0
4221099,5,отображаться счёт оплата,0,0,0,0,0,1
4221077,5,спасибо всё починить очень оперативно,1,0,0,1,0,0
4220856,5,благодарить ростислав быстро качественно заменить резинка манжета стиральный машина,0,1,1,1,0,0
4220642,5,прекрасный мастер всё оперативно решить благодарить,0,0,1,1,0,0
4220445,5,здравствуйте видный оплата платить реквизит,0,0,0,0,0,1
4220372,5,спасибо оперативность быстрый обратный связь,0,0,0,1,0,0
4220321,5,сегодня обед дать адрпес просить электрика связаться,0,0,0,0,0,1
4220220,5,быстро оперативно сотрудник прибыть таймер спасибо,0,0,1,1,0,0
4220012,5,долго ехать сигнализация орало несколько час невозможно нормально работать жить ухо перерыв несколько час голосить сигнализация,0,0,0,0,0,1
4219996,5,благодарить вопрос оперативно решить,1,0,0,1,0,0
4219789,5,всё чётко сделать,1,0,0,0,0,0
4219754,5,доводчик заменить день спасибо,1,0,0,1,0,0
4219646,5,счёт оплатить квитанция выслать чат,0,0,0,0,0,1
4219625,5,оперативно всё исправить,0,0,0,1,0,0
4219518,5,спасибо мастер починить всё быстро профессионально поставить новый доводчик дверь закрываться теплопотеря,0,0,1,1,0,0
4219489,5,спасибо услышать убрать возле мусор рядом банк бросать человек мусор,0,0,0,0,1,0
4219427,5,оперативность спасибо,0,0,0,1,0,0
4219378,5,электрик всё отлично объяснить помочь устранить проблема очень профессионально молодец,0,0,1,0,0,0
4219364,5,фото это место подтверждать работа выполнить главное выполнить оперативно,1,0,0,1,0,0
4219359,5,удобный сразу дать ссылка название раздел заявка оформить приложение очень неудобно искать подать заявка чёрт нога сломить,0,0,0,0,0,1
4219271,5,спасибо оперативно получить электронный почта,0,0,0,1,0,0
4219270,5,благодарить быстрый ответ,0,0,0,1,0,0
4219232,5,ошибка,0,0,0,0,0,1
4219139,5,зеркало подключить проводка поить замена прошлый год делать известно завести новый заявка замена зеркало,0,0,0,0,0,1
4218988,5,просить перенести урна подъезд человек собоазный поставить туда свой бытовой мусор,0,0,0,0,0,1
4218908,5,электрик справиться проблема минута молодец,0,0,1,1,0,0
4218859,5,очень оперативно решить проблема восстановить освещение холл,0,0,0,1,0,0
4218817,5,спасибо быстро исправить,0,0,0,1,0,0
4218759,5,лифт работать,1,0,0,0,0,0
4218754,5,спасибо очень быстро исправить,0,0,0,1,0,0
4218747,5,ответ получить вопрос второй вопрос просто проигнорировать,0,0,0,0,0,1
4218724,5,замечательный сантехник который правда помогать очень приятный воспитанный мужчина,0,0,1,0,0,0
4218476,5,выполнить писать х подобный бардак ук пригород видеть впервые,0,0,0,0,0,1
4218409,5,сделанно аккуратно торчать резинка,0,0,0,0,0,1
4218310,5,подача тепло возобновиться короткий срок,0,0,0,1,1,0
4218282,5,благодарить оперативность провести работа,0,0,0,1,1,0
4218253,5,прогресс,1,0,0,0,0,0
4218135,5,оперативно провести консультация проблема устранить спасибо,0,0,0,1,1,0
4218027,5,спасибо оперативно устранить течь стояк ванная,1,0,0,1,0,0
4218008,5,сумма который должный заплатить коммунальный услуга сохраниться рубль дать сумма уменьшиться перенести рубль,0,0,0,0,0,1
4218004,5,акт выполнить работа должный предоставить ремонт делать,0,0,0,0,0,1
4217911,5,звонить сообщить нужный перерасчёт декабрь пройти оплата сумма оплата,0,0,0,0,0,1
4217635,5,спасибо быстрый реакция решение проблема,0,0,0,1,0,0
4217631,5,быстро отреагировать спасибо,0,0,0,1,0,0
4217568,5,фото акт скинуть,0,0,0,0,0,1
4217525,5,спасибо валерий всё сделать маленький минус долго идти течь сильный час думать это проблема обработка заявка сразу передать принять внимание плохо прямой аварийный телефон непосредственно живить рыбацкий звонить десятый рука,0,0,1,0,0,1
4217490,5,отлично весь сервис исполняться чётко быстро,0,0,0,1,0,0
4217486,5,очень отзывчивый профи свой дело,0,0,1,0,0,0
4217417,5,очень удобный сервис пока ещё выяснять,1,0,0,0,0,0
4217383,5,ноябрь оплата мочь выслать подтверждать документ,0,0,0,0,0,1
4217322,5,спасибо игорь,0,0,1,0,0,0
4217286,5,спасибо всё сделать отлично,1,0,0,0,0,0
4217169,5,супер быстро,0,0,0,1,0,0
4217145,5,всё убрать спасибо,1,0,0,0,0,0
4217093,5,качественно быстро,0,1,0,1,0,0
4216980,5,установить быстро спасибо,0,0,0,1,0,0
4216813,5,спасибо быстро починить дверь,0,0,0,1,0,0
4216758,5,очень понравиться работа игорь,0,0,1,0,0,0
4216642,5,отлично быстро отреагировать всё работать,0,0,0,1,0,0
4216360,5,сделать спасибо,1,0,0,0,0,0
4216283,5,заявка выполнить грязь дорога ещё,0,0,0,0,0,1
4216224,5,электрик молодец,0,0,1,0,0,0
4216172,5,спасибо техника дмитрий помощь,0,0,1,0,0,0
4216104,5,выражать благодарность мастер электрик проделать работа профессионал свой дело щепетильный проверить всё возможный вариант неполадка найти устранить причина замыкание ещё спасибо,0,1,1,0,1,0
4216092,5,отрегулировать оперативно вопрос решить очень дорого регулировка равный половина стоимость регулятор давление вода,0,0,0,1,0,1
4215839,5,спасибо оперативность сотрудник устранить проблема,0,0,1,1,0,0
4215769,5,спасибо значит гулом труба бороться действительно стать тихо проблема возникнуть заявка,1,0,0,0,0,0
4215754,5,потрясать сантехник спасибо,0,0,1,0,0,0
4215731,5,спасибо оперативно починить,0,0,0,1,0,0
4215665,5,спасибо всё работать вчерашний день,0,0,0,0,0,1
4215603,5,спасибо прекрасный,0,0,0,0,1,0
4215565,5,спасибо инженер быстро оперативно работать компания ответственный человек,0,0,1,1,0,0
4215449,5,личный кабинет указать верный счётчик неверный показание,0,0,0,0,0,1
4215446,5,выдать александр премия,0,0,1,0,0,0
4215416,5,спасибо оперативно подклый электричество,1,0,0,1,0,0
4215184,5,мочь причина срабатывание пожарный сигнализация курение квартира регулярно слышать запах сигарета который проникать квартира вентиляция,0,0,0,0,0,1
4215126,5,супер оперативно спасибо,0,0,0,1,0,0
4215074,5,всё отлично оперативно спасибо,0,0,0,1,0,0
4215062,5,откликнуться быстро оперативно,0,0,0,1,0,0
4215045,5,всё норма,1,0,0,0,0,0
4215012,5,спасибо оперативный реагирование,0,0,0,1,0,0
4214866,5,спасибо стараться исправить быстро увы,0,0,0,1,0,1
4214790,5,устранить спасибо,0,0,0,1,0,0
4214752,5,благодарить устранить проблема,1,0,0,0,0,0
4214749,5,прислать очень быстро,0,0,0,1,0,0
4214634,5,спасибо ответ предоставить оперативно,0,0,0,1,0,0
4214606,5,работа выполнить быстро проблема решить,1,0,0,1,0,0
4214605,5,общий корридора площадка этаж убрать камера видеонаблюдение,0,0,0,0,0,1
4214518,5,спасибо исправление,1,0,0,0,0,0
4214480,5,быстро оформить заявка быстро прислать сантехник,0,0,1,1,0,0
4214387,5,спасибо мастер профессионализм,0,0,1,0,0,0
4214336,5,быстро выполнить заявка,0,0,0,1,0,0
4214193,5,очень быстро очень приятный человек,0,0,1,1,0,0
4214096,5,отреагировать быстро устранить неисправность,0,0,0,1,0,0
4214081,5,фасад очистить виновник искать стать,1,0,0,0,0,0
4213959,5,очень благодарный компетентный сотрудник грамотный разъяснение вопрос,0,0,1,0,0,0
4213825,5,всё исправить спасибо,0,0,0,0,1,0
4213810,5,спасибо всё чётко быстро,0,0,0,1,1,0
4213768,5,отзывчивый девочка решить проблема быстро очень довольный,0,0,1,1,0,0
4213725,5,спасибо молниеносный решение проблема,0,0,0,1,0,0
4213715,5,пломба сорвать шкаф распашка прошлый шланг украсть,0,0,0,0,0,1
4213696,5,ольга парковка достроить,0,0,0,0,0,1
4213590,5,девочка просто молодец,0,0,1,0,0,0
4213476,5,жить долго пока хороший ук спасибо быстрый регирование проблема хороший день,0,0,0,1,1,0
4213472,5,ребята молодец спасибо всё устранить,0,0,1,0,1,0
4213443,5,проблема повторяться очень часто вопрос решаться устраняться причина остановка лифт практически каждый день ездить лифт небезопасно,0,0,0,0,0,1
4213418,5,спасибо устранить течь ещё приятный прийтись ругаться особенно сантехник ждать сутки пока отключить вода начать предпринимать,1,0,0,0,0,1
4213414,5,выяснить причина прийти отличный мастер сделать всё минута,0,0,1,1,0,0
4213295,5,время пройти момент обращение,0,0,0,0,0,1
4213243,5,отличный мастер плюс,0,0,1,0,0,0
4213235,5,супруг ребёнок сосед заслать свет спасибо,0,0,0,0,0,1
4213156,5,всё починить,1,0,0,0,0,0
4213024,5,всё ясно,0,0,0,0,0,1
4213020,5,всё понятно,0,0,0,0,0,1
4213012,5,прийти очень хороший мужчина всё объяснить нужно сделать,0,0,1,0,0,0
4213001,5,перевести окно зимний режим дуть стать немного маленький перестать составить акт сказать передать застройщик,0,0,0,0,0,1
4212816,5,выполнить благодарить оперативность,1,0,0,1,0,0
4212739,5,здравствуйте услышать специалист проблема решить теч ой минута срасибо,1,0,1,0,0,0
4212726,5,очень профессиональный компетентный сотрудник вежливый грамотный помочь решить всё вопрос заявка,0,0,1,0,0,0
4212598,5,квартира никто проживать счётчик электроэнергия квартира отключить находиться друг регион возможность разобраться утречком электроэнергия просьба подробный помочь разобраться решение проблема,0,0,0,0,0,1
4212517,5,никто связаться никто снять показание,0,0,0,0,0,1
4212421,5,всё быстро исправить,1,0,0,1,0,0
4212044,5,никто приходить,0,0,0,0,0,1
4212014,5,отличный мастер благодарить выполнить работа,0,0,1,0,0,0
4211865,5,очень хороший мастер знать свой дело,0,0,1,0,0,0
4211847,5,отлично быстро,0,0,0,1,0,0
4211827,5,отличный мастер приехать быстро,0,0,1,1,0,0
4211689,5,всё супер спасибо,0,0,0,0,1,0
4211650,5,быстро всё починить спасибо,0,0,0,1,0,0
4211602,5,благодарить оперативный выполнение заявка приятно удивлённый момент подача заявка выход мастер пройти менее минута точка держать спасибо,0,0,1,1,0,0
4211521,5,спасибо всё быстро качественно,0,1,0,1,0,0
4211396,5,мастер прийти установить доводчик доброжелательный спасибо,0,0,1,0,0,0
4211306,5,оперативный решение вопрос,0,0,0,1,0,0
4211280,5,выполнить работа совесть надеяться проблема далёкий возникнуть,1,0,0,0,0,0
4211152,5,мастер очень быстро прийти включить электричество,0,0,1,1,0,0
4210961,5,всё отлично татьяна спасибо оперативно помочь решить проблема,0,0,1,1,0,0
4210956,5,проблема пока решить рано оценивать,0,0,0,0,0,1
4210858,5,сергей самый адекватный сантехник наш жк спасибо,0,0,1,0,0,0
4210800,5,спасибо очень быстро,0,0,0,1,0,0
4210458,5,ждать справка отсутствие задолженность показание счётчик передать,0,0,0,0,0,1
4210256,5,валерий куликов добрый день павел артёмович лишний счётчик приложение убрать показание фото внести дать неверный счётчик снова отобразиться просить создать новый заявка направить служба поддержка отображаться лишний счётчик,0,0,0,0,0,1
4210201,5,спасибо елена,0,0,1,0,0,0
4210181,5,спасибо антон проделать работа всё чётко аккуратно выписать сотрудник премия ответственный отношение работа,0,0,1,0,1,0
4210062,5,понимать оплачивать коммунальный собственник мама лплачивать счёт сын свой возможно личный кабинет подключить квартира садовый это необходимо оплата счёт фамилия разный образ получать счёт,0,0,0,0,0,1
4209893,5,умница,1,0,0,0,0,0
4209886,5,спасибо ребята сделать всё посмотреть дальнейший вести труба всё отлично,0,0,1,0,0,0
4209867,5,очень хороший сотрудник помочь установить приложение ключ объяснить работать приложение сделать ключ доброжелательный отношение всё оперативно,0,1,1,0,0,0
4209841,5,здравствуйте забыть править водоснобжение,0,0,0,0,0,1
4209833,5,спасибо очень оперативно решить вопрос,0,0,0,1,0,0
4209775,5,вода течь горячий спасибо,1,0,0,0,0,0
4209725,5,благодарить спасибо,1,0,0,0,0,0
4209715,5,спасибо всё работать жаль медленно отрабатываться платный заявка,1,0,0,0,0,0
4209601,5,нужный информация именно сумма задолженность знать,0,0,0,0,0,1
4209446,5,устранить некачественно сказать розетка мешаться панель замена речь идти,0,0,0,0,0,1
4209346,5,добрый день спасибо надеяться конус легко сдвинуть сфера,0,0,0,0,0,1
4209170,5,заявка решаться вопрос батарея стать горячий,0,0,0,0,0,1
4209040,5,спасибо оперативно решить проблема,0,0,0,1,0,0
4209036,5,шикарный сантехник спасибо мина заявка прийти сразу понять причина устранить свой зона ответственность объяснить сделать,0,0,1,1,0,0
4208969,5,сантехник отреагировать быстро данный момент всё устранить,0,0,1,1,0,0
4208733,5,выражать благодарность оперативность понимание возможность решить вопрос дистанционный путём,0,0,0,1,0,0
4208729,5,тамбурный дверь правильно отрегулировать дверь хлопать закрывание,0,0,0,0,0,1
4208679,5,гарантийный период водопроводный система который зашить внутри стена,0,0,0,0,0,1
4208580,5,протечка фото видеть место мокрый момент приход сантехника капать найти место теча вроде говорить удаться найти этаж,0,0,0,0,0,1
4208540,5,быстро результативно спасибо,0,0,0,1,0,0
4208432,5,существо оперативно молодец,0,0,0,1,0,0
4208316,5,спасибо всё сделать быстро оперативно,0,0,0,1,0,0
4208301,5,батарея холодное течение час решить вопрос,1,0,0,1,0,0
4208267,5,вопрос зарегистрировать квартира почему квитанция оплата жкх стоить кол зарегистрировать прописать,0,0,0,0,0,1
4208199,5,спасибо менеджер алина помощь решение заявка,0,0,1,0,0,0
4208073,5,спасибо всё выполнить быстро,0,0,0,1,0,0
4207851,5,отлично молодец,1,0,0,0,0,0
4207819,5,мария добрый утро абсолютно этаж отмыть химия работать это видно фото отсутствовать запах прошлый администратор действительно отмывать запах химия плитка небольшой белый пятно развод ощущение снова помыть пола грязный тряпка вода просить всетаки разобраться сложиться ситуация,0,0,0,0,0,1
4207809,5,всё пройти вежливый молодой человек всё сделать всё объяснить спасибо,0,0,1,0,0,0
4207774,5,оперативно устранить дефект,0,0,0,1,0,0
4207439,5,проблема решить указать эл почта скинуть чек оплата декабрь,0,0,0,0,0,1
4207370,5,ответ,0,0,0,0,0,1
4207229,5,подсказать пожалуйста скинуть акт выполнение поверка приложение отображаться информация поверка провести,0,0,0,0,0,1
4207205,5,спасибо интересно лифт это,0,0,0,0,0,1
4207142,5,отличный представитель всё рассказать подсказать,0,0,1,0,0,0
4207006,5,включить лифт быстро надоесть это наблюдать каждый день,0,0,0,1,0,1
4206862,5,спасибо всё забрать,0,0,0,0,0,1
4206420,5,лифт работать довольный,1,0,0,0,0,0
4206375,5,быстро перезвонить вопрос решить,1,0,0,1,0,0
4206278,5,повод уборка этаж знать убирать среда проблема уборка этаж спасибо ваш работа,0,0,0,0,0,1
4206272,5,спасибо всё починить,1,0,0,0,0,0
4206264,5,спасибо всё сделать очень благодарный оперативность,1,0,0,1,0,0
4206233,5,великолепно электрик прийти быстро всё сделать,0,0,1,1,0,0
4205971,5,ходить перекрывать вода сосед иначе накапать прилично пытаться достучаться итог открыть сантехник звонок ук,0,0,0,0,0,1
4205925,5,спасибо оперативность ключ получить,1,0,0,1,0,0
4205893,5,спасибо организованность,1,0,0,0,0,0
4205767,5,молодец оперативно вс починить,1,0,0,1,0,0
4205747,5,очень быстро оперативно спасибо,0,0,0,1,0,0
4205686,5,всё быстро качественно вежливый,0,0,0,1,0,0
4205657,5,мастер прийти очень оперативно спасибо,0,0,1,1,0,0
4205652,5,приложение прежний человек сергей александров,0,0,0,0,0,1
4205610,5,спасибо юрий оперативно позвонить проконсультировать решить проблема спасибо,0,0,1,1,0,0
4205558,5,отлично быстро надёжно,0,0,0,1,0,0
4205497,5,быстрый реагирование,0,0,0,1,0,0
4205393,5,оперативно ещё настроить хлопать дверь,0,0,0,1,0,1
4205356,5,проблема устранить,0,0,0,0,0,1
4205339,5,дата заключение договор,0,0,0,0,0,1
4205335,5,спасибо снова чисто,1,0,0,0,0,0
4205196,5,долго,0,0,0,0,0,1
4204883,5,замена счётчик нужно пломбировкп счётчик первичка нужный,0,0,0,0,0,1
4204812,5,благодарить оперативность устранение протечка,1,0,0,1,0,0
4204733,5,почему сразу ответить,0,0,0,0,0,1
4204564,5,прекрасный специалист спасибо,0,0,1,0,0,0
4204456,5,оперативно ответить,0,0,0,1,0,0
4204445,5,информация дать,0,0,0,0,0,1
4204413,5,просьба быстро отреагировать позвонить быстро решить проблема,1,0,0,1,0,0
4204394,5,спасибо решить проблема девушка вести пошагово терпеливо объяснять,1,0,1,0,0,0
4204381,5,спасибо оперативный устранение авария,1,0,0,1,0,0
4204294,5,спасибо менеджер алина,0,0,1,0,0,0
4204166,5,отлично спасибо чётко быстро,1,0,0,1,0,0
4204123,5,мастер замечательный прийти сдалал,0,0,1,0,0,0
4204074,5,управлять железняк сделать перерасчёт,0,0,0,0,0,1
4204054,5,выполнить всё быстро качественно профессионально спасибо,0,1,0,1,0,0
4204004,5,спасибо дверь открываться,1,0,0,0,0,0
4203883,5,прийти вопрос девушка всё рассказать показать сделать вопрос решиться минута спасибо,0,0,1,1,0,0
4203848,5,спасибо сантехник сергей работа устранение неполадка система гвс,0,0,1,0,0,0
4203767,5,просить убрать демонтировать окно подъезд месяц стоить,0,0,0,0,0,1
4203698,5,всё отлично спасибо ук лично борис,0,0,1,0,0,0
4203660,5,поверка провести,1,0,0,0,0,0
4203344,5,спасибо день магазин стеллаж мусор,0,0,0,0,0,1
4203334,5,спасибо почистить снег,1,0,0,0,0,0
4203276,5,всё порядок повторный начисление убрать спасибо,1,0,0,0,0,0
4203203,5,хотя третий прислать поменять личинка благодарить,1,0,0,0,0,0
4203043,5,начать шуметь переоткрыть заявка,0,0,0,0,0,1
4202767,5,спасибо показание исправить,1,0,0,0,0,0
4202707,5,ответ благодарить устраивать заранее зачислить страховой сумма переплата январь согласовать принимать решение почему это согласовать,0,0,0,0,0,1
4202648,5,благодарить быстрый отклик,0,0,0,1,0,0
4202514,5,супер сотрудник балл профессиональный подход спасибо,0,0,1,0,0,0
4202403,5,никто ответить сначала написать приостановить второй ращ выполнить,0,0,0,0,0,1
4202396,5,благодарить терпение,1,0,0,0,0,0
4202359,5,спасибо мастер оперативно прислать,0,0,1,1,0,0
4202354,5,молодец довольный сантехник,0,0,1,0,0,0
4202169,5,спасибо быстро сделать ключ,0,0,0,1,0,0
4202115,5,очень быстро решить вопрос вызов электрика замена лампа коридор устранение неисправность пройти минута неожиданно приятно,0,0,1,1,0,0
4202058,5,пожалуйста связаться,0,0,0,0,0,1
4202014,5,ждать весна тёплый время год,0,0,0,0,0,1
4202008,5,хороший сервис мир,1,0,0,0,0,0
4201875,5,добрый день просить указать срок настройка система аскуэ пока система работать показание который передавать вручную учитываться,0,0,0,0,0,1
4201832,5,забрать очки,0,0,0,0,0,1
4201573,5,спасибо быстрый отклик заявка сожаление проблема решиться запах остаться ждать потоп,0,0,0,1,0,1
4201552,5,спасибо завтра ждать мастер фломастер,0,0,0,0,0,1
4201421,5,специалист перезвонить всё разъяснить,1,0,1,0,0,0
4201201,5,почему давать вносить показание электроэнергия приложение,0,0,0,0,0,1
4201195,5,работа выполнить лампочка очень качественный часто менять,1,0,0,0,0,1
4201138,5,быстро среагировать спасибо,0,0,0,1,0,0
4201035,5,пока создать заявка выполняться уборка техника,0,0,0,0,0,1
4200993,5,просить учесть показание счётчик холодный вода,0,0,0,0,0,1
4200921,5,сумма начисление декабрь остаться висеть личный кабинет оплата убрать её оплатить,0,0,0,0,0,1
4200782,5,спасибо мусор дверь вынести пола помыть,0,0,0,0,0,1
4200630,5,быстро отреагировать заявка сразу решить проблема спасибо,1,0,0,1,0,0
4200575,5,человек выпустить лифт телефон связь кнопка связь диспечер связь поэтому вызывать сосед,0,0,0,0,0,1
4200359,5,спасибо оперативность решение дать проблема,1,0,0,1,0,0
4199856,5,вопрос решить очень быстро спасибо,0,0,0,1,0,0
4199634,5,очень вежливый внимательный мастер всё выяснить починить,0,0,1,0,0,0
4199353,5,оперативно устранить протечка,0,0,0,1,0,0
4199328,5,всё заработать,1,0,0,0,0,0
4199209,5,всё сделать оперативность третий день заявка аварийный ситуация отреагировать доп звонок,0,0,0,0,0,1
4199183,5,быстро дело,0,0,0,1,0,0
4199041,5,очень довольный быстро качественно благодарить,0,1,0,1,0,0
4198998,5,быстро обработать заявка быстро прислать слесарь,0,0,1,1,0,0
4198853,5,здравствуйте наш этаж запах краска дверь красить друг этаж заявка касаться зловоние гниль кошачий туалет воскресение январь запах исчезнуть снова появиться усиливаться вонь возле вентиляция квартира решить пожалуйста проблема,0,0,0,0,0,1
4198806,5,вежливый отзывчивый сотрудник быстро решать всё возникнуть проблема,0,0,1,0,0,0
4198650,5,быстро качественно спасибо работа,0,1,0,1,0,0
4198475,5,спасибочки,1,0,0,0,0,0
4198390,5,понять делать далее,0,0,0,0,0,1
4198291,5,очень понравиться ваш сотрудник всё проверить показать объяснить надеяться отопление проблема спасибо,0,0,1,0,0,0
4198286,5,спасибо всё чётко предварительно перезвонить мастер прийти назначить время,0,0,1,0,1,0
4198232,5,добрый вечер это расчёт выставлять счёт это приложение оплачивать,0,0,0,0,0,1
4198125,5,перепутать счётчик электричество начислить квартира акт сделать просьба сделать перерасчёт начало период,0,0,0,0,0,1
4197951,5,разъяснение получить спасибо,1,0,0,0,0,0
4197775,5,корректировка настройка топление квартира стать тёплый,0,0,0,0,0,1
4197699,5,благодарить оперативность неполадка устранить,1,0,0,1,0,0
4197665,5,всё быстро сделать,0,0,0,1,0,0
4197612,5,инженер сказать показание передаваться автоматически почему квитанция начисление электроэнергия норматив,0,0,0,0,0,1
4197594,5,спасибо оперативный ответ работа,0,0,0,1,1,0
4197464,5,целое быстро оперативно,0,0,0,1,0,0
4197411,5,качественно особый благодарность сергей,0,1,1,0,0,0
4197358,5,очень быстро спасибо,0,0,0,1,0,0
4197343,5,спасибо быстрый качественный реагирование,0,1,0,1,0,0
4197272,5,благодарить оперативный ответ сторона сотрудник расчётный платёжный отдел,0,0,1,1,0,0
4197263,5,уборщица всё равно подметать вопрос почему задать вопрос знать разьяснение делать персонал это курс,0,0,0,0,0,1
4197102,5,вода горячий первый время ржавый хотеться устанавливать ситуация быстрый час,0,0,0,0,0,1
4196834,5,вопрос решить мина,0,0,0,1,0,0
4196705,5,спасибо андрей всё устранить,0,0,1,0,0,0
4196686,5,батарея полностью горячий спасибо работа,1,0,0,0,0,0
4196461,5,спасибо выполнить быстро замена,0,0,0,1,0,0
4196374,5,спасибо работа очень хороший человек,0,0,0,0,1,0
4196292,5,спасибо мастер прийти всё сделать,0,0,1,0,0,0
4196280,5,заявка выполнить,1,0,0,0,0,0
4196273,5,очень быстро отреагировать проблема решить,0,0,0,1,0,0
4196155,5,спасибо очень быстро выполнить работа,0,0,0,1,0,0
4196018,5,очень быстро отреагировать приехать удобный время,1,0,0,1,0,0
4196007,5,спасибо ответ,1,0,0,0,0,0
4195996,5,обратиться повод оплата квитанция плательщик,0,0,0,0,0,1
4195981,5,приложение нужно дорабатывать писать зачисляться день просить оплатить январь никакой данные поступление выписка приложить всё изменение,0,0,0,0,0,1
4195889,5,спасибо видеть счётчик завести программа отобразиться приложение,0,0,0,0,0,1
4195801,5,спасибо выполнение работа,1,0,0,0,0,0
4195710,5,спасибо получить ключ мочь просить выдать ключ трофимов степан викторович р,0,0,0,0,0,1
4195613,5,спасибо оперативный выполнение заявка,0,0,0,1,0,0
4195451,5,ук отреагировать быстро сантехник прийти вовремя исправить,0,0,1,1,0,0
4195438,5,чисто быстро аккуратно,0,1,0,1,0,0
4195410,5,всё разъяснить,1,0,0,0,0,0
4195403,5,заявка выполнить быстро спасибо,0,0,0,1,0,0
4195343,5,спасибо мастер который чинить батарея прислать очень быстро ожидать всё спокойно сделать спасибо,0,0,0,1,1,0
4195282,5,повторный заявка,0,0,0,0,0,1
4195228,5,неисправность устранить время очень быстро,1,0,0,0,0,1
4195166,5,кнопка светиться нажатие,0,0,0,0,0,1
4195150,5,мастер прийти день заявка это радовать розетка оказаться исправный итог ремонт прийтись делать наблюдать надеяться работать далёкий,0,0,1,1,0,1
4194964,5,мастер прийти вовремя поменять опломбировать счётчик всё отлично,0,0,1,1,0,0
4194961,5,просить прислать акт заключение потолок образоваться пятно протечка,0,0,0,0,0,1
4194881,5,ужасный управлять компания,0,0,0,0,0,1
4194871,5,благодарить чистота подъезд появиться неприятный запах,1,0,0,0,0,1
4194793,5,быстро помочь ответ чётко выразить мысль просить услышать,0,0,0,1,0,0
4194765,5,работа выполнить быстро,0,0,0,1,0,0
4194745,5,спасибо счётчик стать работать,1,0,0,0,0,0
4194731,5,январь пока запаа,0,0,0,0,0,1
4194676,5,спасибо очень помочь отличный сантехник,0,0,1,0,0,0
4194664,5,спасибо сергей сантехник прийти быстро всё отремонтировать дать дельный совет,0,0,1,1,0,0
4194591,5,заявка выполнить спасибо забота,1,0,0,0,0,0
4194537,5,отлично работать,1,0,0,0,0,0
4194448,5,всё понятно спасибо,1,0,0,0,0,0
4194412,5,вопрос решить спасибо,1,0,0,0,0,0
4194380,5,поплнять пожалуйста своевременно мало пакет,0,0,0,0,0,1
4194284,5,спасибо работа быстрый ответ заявка устранение,0,0,0,1,1,0
4194255,5,лк задолженность оплачивать неделя назад,0,0,0,0,0,1
4194143,5,спасибо инженер,0,0,1,0,0,0
4194109,5,спасибо станислав,0,0,1,0,0,0
4194080,5,идеально закрываться дверь спасибо мастер,0,0,1,0,0,0
4193955,5,хотеться передать информация отдел заниматься возврат средство получаться взаимодействие смежный отдел ук,0,0,0,0,0,1
4193850,5,цвет,0,0,0,0,0,1
4193778,5,спасибо всё оперативно устранить,0,0,0,1,0,0
4193739,5,это учёт остальной платёж электричество,0,0,0,0,0,1
4193423,5,оплата коммунальный услуга оплатить перо заказать справка,0,0,0,0,0,1
4193401,5,всё супер спасибо сантехник решение проблема,0,0,1,0,0,0
4193160,5,спасибо быстрый исполнение заявка,0,0,0,1,0,0
4193119,5,спасибо оперативный работа вопрос решить,1,0,0,1,0,0
4192998,5,оперативно качественно проффессиональный,0,1,0,1,0,0
4192859,5,спасибо всё оперативно быстро сделать,0,0,0,1,0,0
4192829,5,спасибо порядок наш площадка,0,0,0,0,1,0
4192809,5,отработать оперативно,0,0,0,1,0,0
4192803,5,быстро класс,0,0,0,1,0,0
4192799,5,неверный логин пароль,0,0,0,0,0,1
4192664,5,надеяться закрепить просто втолкнуть назад проверить вечером,0,0,0,0,0,1
4192425,5,всё работать,1,0,0,0,0,0
4192420,5,благодарить оперативный решение,0,0,0,1,0,0
4192400,5,помыть пол дверь входной группа пыль,0,0,0,0,0,1
4192384,5,оперативно быстро всё сделать требоваться,0,0,0,1,0,0
4192338,5,первый год заявка выполнить полагаться оперативно спасибо,0,0,0,1,0,0
4192327,5,быстро отреагировать техника позвонить сделать отопление снова греть спасибо,0,0,1,1,0,0
4192161,5,отреагировать моментально сантехник найти причина быстро устранить быстро спасибо,0,0,1,1,0,0
4192111,5,хороший благодарить,0,0,0,0,1,0
4191863,5,отличный работа быстро качественно,0,1,0,1,0,0
4191814,5,доделать работа конец уйти пока трудно оценить устранить причина протечка,0,0,0,0,0,1
4191800,5,очень благодарный,1,0,0,0,0,0
4191795,5,спасибо ремонт приступить работа день,1,0,0,1,0,0
4191725,5,посыпать песок везде упасть парковка разбить рука,0,0,0,0,0,1
4191673,5,всё объяснить обнаружить утечка сверху залитие приостановить благодарить,1,0,0,0,0,0
4191635,5,заработать,0,0,0,0,0,1
4191625,5,спасибо мастер прийти очень быстро,0,0,1,1,0,0
4191616,5,спасибо очень быстро отреагировать заменить лампа этаж первый благодарить,0,0,0,1,0,0
4191610,5,сделать всё быстро,0,0,0,1,0,0
4191609,5,быстро сделать спасибо,0,0,0,1,0,0
4191309,5,спасибо убрать,1,0,0,0,0,0
4191296,5,очень чисто спасибо уборка,1,0,0,0,0,0
4191260,5,спасибо всё выполнить оперативно качественно,0,1,0,1,0,0
4191047,5,спасибо заявка выполнить,1,0,0,0,0,0
4190995,5,заявка отреагировать ночью мгновенно течь устранить операивно качественно спасибо весь виктор персонально,0,1,1,1,0,0
4190986,5,спасибо оперативно отреагировать перекрыть вода,0,0,0,1,0,0
4190976,5,выполнить спасибо,1,0,0,0,0,0
4190855,5,очень быстро решить проблема,0,0,0,1,0,0
4190830,5,спасибо очень аперативный,0,0,0,1,0,0
4190827,5,всё оперативно устранить,0,0,0,1,0,0
4190748,5,решить вопрос менее человек менее внимательный обратить внимание прийти повторный счёт коммуналка оплатить дважды,0,0,0,0,0,1
4190696,5,причина выяснить дверь открыть остаться вопрос решить,0,0,0,0,0,1
4190639,5,очень быстро отреагировать,0,0,0,1,0,0
4190613,5,частично произвести уборка засохшоя дерьмо угол остаться убрать,0,0,0,0,0,1
4190237,5,долго всё равно спасибо,1,0,0,0,0,0
4189998,5,оперативно доброжелательно качественно спасибо помощь,0,1,0,1,0,0
4189874,5,быстро вовремя,0,0,0,1,0,0
4189813,5,спасибо мгновенный помощь очень приятно быстро среагировать понятно объяснить кнопка нажимать знать делать подобный случай ещё спасибо,0,0,0,1,1,0
4189802,5,быстро сработать,0,0,0,1,0,0
4189591,5,всё решить быстро,0,0,0,1,0,0
4189282,5,лифт засрали можито видео посмотреть это свинить саба убирать посмотретий пожалуйста видео,0,0,0,0,0,1
4189200,5,спасибо андрей мастер свой дело,0,0,1,0,0,0
4189147,5,отличный мастер приходить отзывчивый всё устранить,0,0,1,0,0,0
4188873,5,ура спасибо ещё отрегулировать медленно закрываться дверь,0,0,0,0,0,1
4188867,5,это скорость выполнение заявка это понимать пример весь остальной спасибо,0,0,0,1,0,0
4188741,5,вода дать понятно почему,1,0,0,0,0,1
4188691,5,прислать быстро всё исправить щиток оказаться многий плохо прикрутить контакт спасибо,0,0,0,1,0,0
4188688,5,оперативно качественно доброжелательно,0,1,0,1,0,0
4188654,5,благодарить быстрый услуга,0,0,0,1,0,0
4188649,5,благодарить выполнить работа быстро качественно,0,1,0,1,0,0
4188411,5,отличный работа спасибо,1,0,0,0,0,0
4188357,5,оперативно помочь,0,0,0,1,0,0
4188302,5,протечка устранить спасибо,1,0,0,0,0,0
4188256,5,спасибо квартира правда очень тепло стать сделать отопление значит опытный сантехник,1,0,1,0,0,0
4188199,5,автомобиль это место припарковать данный момент это автомобиль участок еле проходимый,0,0,0,0,0,1
4188140,5,добрый день спасибо понимание быстрый решение,0,0,0,1,0,0
4188136,5,спасибо решение проблема,1,0,0,0,0,0
4188133,5,время устранить,1,0,0,1,0,0
4188030,5,спасибо оперативно всё починить,0,0,0,1,0,0
4188008,5,мастер оперативно найти причина протечка,0,0,1,1,0,0
4187925,5,отлично всё устранить краткий срок благодарить,0,0,0,1,0,0
4187767,5,пока работать всё,1,0,0,0,0,0
4187651,5,убрать,0,0,0,0,0,1
4187591,5,мастер супер спасибо,0,0,1,0,0,0
4187529,5,спасибо всё профессионально,1,0,0,0,0,0
4187459,5,андрей товарищ всё исправить отличный работа,0,0,1,0,0,0
4187426,5,сделать ремонт коридор подвал сухо надеяться грибок квартира благодарить фото,0,0,0,0,0,1
4187271,5,спасибо самолёт первоклассный специалист,1,0,0,0,0,0
4187234,5,целое мочь сказать заявка выполнить спасибо,0,0,0,0,0,1
4187231,5,спасибо компетентный разъяснение вопрос,0,1,0,0,0,0
4187213,5,ломаться каждый женя новый,0,0,0,0,0,1
4187157,5,очень понравиться насколько качественно выполнить работа устранениия теча стояк устранение последствие авария грачёв михаил голубеть просить прощение знать имя очень качественно высокий уровень выполнить свой работа профессинать высоко оценить,0,1,1,0,0,0
4187124,5,супер мастер протечка устранить спасибо,1,0,1,0,0,0
4187095,5,работать дверь входной дамовон,0,0,0,0,0,1
4187034,5,хотеться работа выполняться постоянно заявка,0,0,0,0,0,1
4186976,5,удивлённый быстро среагировать,0,0,0,1,0,0
4186936,5,всё супер отличный спокойный мастер,0,0,1,0,0,0
4186811,5,шум пройти надеяться повториться спасибо,1,0,0,0,0,0
4186802,5,спасибо очень быстро всё сделать,0,0,0,1,0,0
4186779,5,звезда заочно специалист дать оперативный грамотный консультация проблема пока решить,0,0,0,0,0,1
4186370,5,оперативно прийти сотрудник найти источник протечка,0,0,1,1,0,0
4186346,5,быстро принять мера,0,0,0,1,0,0
4186341,5,всё сделать,1,0,0,0,0,0
4186199,5,всё сделать грамотно оперативно,0,1,0,1,0,0
4186065,5,быстро качественно результативно спасибо,0,1,0,1,0,0
4186063,5,спасибо всё быстро починить,1,0,0,1,0,0
4185970,5,оперативно разрешить данный проблема надеяться данный место сварка протекать,0,0,0,1,0,0
4185965,5,спасибо сантехник валерий устранить гул сосед,0,0,1,0,0,0
4185904,5,батарея ванная горячий спасибо,1,0,0,0,0,0
4185836,5,спасибо слесарь прислать быстро всё устранить,0,0,1,1,0,0
4185789,5,никто приходить греметь греметь повторный обращение переоткрытие заявка дефект устранить,1,0,0,0,0,0
4185701,5,спасибо всё сделать мастер,0,0,1,0,0,0
4185671,5,приятный менеджер,0,0,1,0,0,0
4185653,5,спасибо всё быстро дело,0,1,0,1,0,0
4185499,5,спасибо всё сделать начало заявка регулировка батарея минута очень толковый работник прийти,0,0,1,1,0,0
4185305,5,тлично,1,0,0,0,0,0
4185279,5,оплатить,0,0,0,0,0,1
4185235,5,лифт работать кнопка активный,0,0,0,0,0,1
4185154,5,спасибо заменить лампа,1,0,0,0,0,0
4185044,5,просить просмотреть пройти платёж сегодня новый сумма квитанция деньга списать,0,0,0,0,0,1
4184979,5,передать гарантийный отдел,0,0,0,0,0,1
4184905,5,мастер быстро отреагировать сразу прийти проблема решить,0,0,1,1,0,0
4184692,5,оперативно исправить,0,0,0,1,0,0
4184497,5,отлично спасибо мастер всё установить нужно,0,0,1,0,0,0
4184450,5,спасибо ликвидация авария,1,0,0,0,0,0
4184444,5,мастер подойти течение минута спасибо,0,0,1,1,0,0
4184403,5,работать грузовой лифт,0,0,0,0,0,1
4184401,5,спасибо юлия ерлан решение вопрос,0,0,1,0,0,0
4184362,5,быстро прислать течь устранить,1,0,0,1,0,0
4184236,5,уборка выполнить,1,0,0,0,0,0
4184131,5,мастер всё сделать всё замазать установить крепко подключить,1,0,1,0,0,0
4184057,5,подача горячий вода система отопление выполнить течение мина момент подача заявка отсутствие отопление,1,0,0,1,0,0
4184051,5,подача горячий вода система горячее водоснабжение выполнить течение мина момент подача заявка отсутствие горячий вода,1,0,0,1,0,0
4183879,5,спасибо менеджер репин светлана оперативный решение проблема,0,0,1,1,0,0
4183869,5,быстро устранить течь шахта,1,0,0,1,0,0
4183815,5,мастер приехать вовремя устранить неполадка,0,0,1,1,0,0
4183772,5,спасибо очень оперативно несмотря праздник,0,0,0,1,0,0
4183642,5,очень приятно оперативно отреагировать решить вопрос спасибо,0,0,0,1,0,0
4183490,5,починить быстро спасибо,0,0,0,1,0,0
4183486,5,великолепный человек включить всё проверить работать всё лампа тд объяснить сделать следующий ситуация спасибо,0,0,1,0,0,0
4183452,5,засор устранить,1,0,0,0,0,0
4183086,5,оперативно молодец,0,0,0,1,0,0
4182972,5,оперативно спасибо заставить ждать окончание праздник новый год,0,0,0,1,0,0
4182649,5,всё мастер поправить работать спасибо,0,0,1,0,0,0
4181848,5,услуга оказать качественно своевременно спустя день запрос,0,1,0,0,0,1
4181692,5,срок,0,0,0,0,0,1
4181430,5,долго мастер приходить оплата,0,0,0,0,0,1
4181376,5,ещё плитка восстановить пока никто сломать нога,0,0,0,0,0,1
4181240,5,спасибо оперативность день,0,0,0,1,0,0
4180938,5,течь устранить оперативно работа выполнить качественно спасибо вячеслав помощь,0,1,0,1,0,0
4180924,5,оперативно устранить проблема вежливый мастер всё чётко дело спасибо,0,0,1,1,0,0
4180516,5,благодарить развернуть ответ,1,0,0,0,0,0
4180245,5,спасибо мастер отлично выполнить свой работа,0,0,1,0,0,0
4179933,5,доводчик заменить,1,0,0,0,0,0
4179271,5,просить прощение донимать возможно адрес хотеть понять это отдельный платёж кап ремонт получаться это нужно обратиться,0,0,0,0,0,1
4178763,5,спасибо всё очень быстро удобно,0,0,0,1,0,0
4178642,5,спасибо отмена заявка просьба,0,0,0,0,0,1
4178055,5,очень убрать спасибо,1,0,0,0,0,0
4177499,5,дать расчёт предоставить,0,0,0,0,0,1
4177193,5,показание счётчик снять ответ повод сумма последний квитанция верный почему идентичный предыдущий месяц,0,0,0,0,0,1
4176769,5,быстро отреагировать заявка опломбировать быстро остаться довольный спасибо,0,0,0,1,0,0
4176418,5,здравствуйте просить заметить крайний квитанция ранний неверно проставить дата последний платёж это связать,0,0,0,0,0,1
4175916,5,добрый день ноябрь счёт оплатить ноябрь скрин приложение банк просить проверить оплата написать поступить октябрь конец год ноябрь оплатить проверить пожалуйста возможность приложить скрин написать отправить квитанция оплата,0,0,0,0,0,1
4174552,5,мочь найти открыть новый,0,0,0,0,0,1
4174485,5,ждать морозный погода замерить тепловизор температура стена,0,0,0,0,0,1
4174324,5,декабрь оплачивать ноябрь идти авансовый который должный январь оплатить,0,0,0,0,0,1
4174244,5,мастер просто супер сделать всё высокий уровень спасибо,0,0,1,0,0,0
4173976,5,убрать сей пора убрать,0,0,0,0,0,1
4173856,5,назначить уборка часть забор надеяться куча графия блок занимать место ждать,0,0,0,0,0,1
4173654,5,проконсультировать телефон обещать перерасчёт следующий счёт ждать счёт,0,0,0,0,0,1
4173495,5,добрый вечер личный кабинет написать оплата объяснить почему чековый история оплата,0,0,0,0,0,1
4173423,5,проблема решить повторный заявка,1,0,0,0,0,0
4173232,5,смотреть сообщение поверка счётчик предлагать акт начисляться отопление счётчик,0,0,0,0,0,1
4172875,5,снова работать доводчик дверь,0,0,0,0,0,1
4172321,5,спасибо перепрограммирование,1,0,0,0,0,0
4172165,5,просить разобраться счёт кладовый помещение квартира,0,0,0,0,0,1
4171777,5,приложение обновиться номер новый счётчик горячее водоснабжение мочь перепроверить информация,0,0,0,0,0,1
4171734,5,заявка закрытый фактический исполнение обоснованный контрольный показание счётчик снять акт составить перерасчёт сделать просить возобновить исполнение заявка,0,0,0,0,0,1
4169034,5,вопрос показание счётчик вода период октябрь год привести дать ноябрь декабрь,0,0,0,0,0,1
4168643,5,дрлго всё срок оплата пройти момент появиться информация банковский приложение,0,0,0,0,0,1
4168303,5,жк спутник самый хороший инженер,0,0,1,0,0,0
4167943,5,спасибо очень оперативно заявка выполнить,1,0,0,0,0,0
4167550,5,поверка произвести,0,0,0,0,0,1
4166802,5,решить прийтись просить,1,0,0,0,0,0
4166479,5,обновить дать личный кабинет светиться актуальный счетчикм,0,0,0,0,0,1
4166478,5,уровень сервис дойти отметка смочь решить проблема,1,0,0,0,0,0
4165770,5,сосед хранить вещь лист просто положить результат просто выбросить нужно наклеить лист оповещение окно видно либо принять мера человек который продолжать пренебрегать правило пользование помещение,0,0,0,0,0,1
4164707,5,спасибо марина контроль уборка надеяться,0,0,1,0,0,0
4164480,5,добрый день просить составить заявка уборка лестничный марш повод уборка коридор пока претензия просить навести порядок лестничный марш,0,0,0,0,0,1
4163362,5,магнитный замок закрепить диагностика установление причина видимо проводиться,0,0,0,0,0,1
4163143,5,спасибо всё идеально,1,0,0,0,0,0
4162676,5,дверь исправный,1,0,0,0,0,0
4161837,5,плесень устранить просьба устранить,0,0,0,0,0,1
4158543,5,указанный ключ работать ростелеком перепрошивать открывать дверь приложение дверь открываться клбч ерт,0,0,0,0,0,1
4158342,5,состояние оба лифт работать спасибо,1,0,0,0,0,0
4155819,5,чудесный мастер благодарить,0,0,1,0,0,0
4155636,5,добрый день услуга оказать отвратительный трещина задеть шпатлёвка высыхание шов зашлифовать сразу нанести краска также испортить вид посещение моп окраска тон ранее окрашеный стена,0,0,0,0,0,1
4154287,5,напольный покрытие видимо отдельный задача,0,0,0,0,0,1
4153150,5,нормально,1,0,0,0,0,0
4151170,5,долг водоотвод снятой подтверждать документ выслать,0,0,0,0,0,1
4149510,5,никто позвонить,0,0,0,0,0,1
4149144,5,приложение возможно поменять л новый квартира добавить одобрение,0,0,0,0,0,1
4149091,5,ответить внести изменение волновать начисление январь год предоставить адресный справка который год который говориться прописать человек это волновать вопрос внести дать снятие регистрация сын ава,0,0,0,0,0,1
4149082,5,спасибо спускать воздух регулярно,1,0,0,0,0,0
4148781,5,прийти пьяный сантехник хрен сделать заявка выполнить,1,0,0,0,0,0
4147013,5,никто подходить отвалиться плитка образ стоить статус выполнить свершиться чудо целый месяц приклеивать спасибо это,0,0,0,0,0,1
4146277,5,провести регулировка окно стать цеплять рама,0,0,0,0,0,1
4145398,5,звезда оперативно реагировать заявка банальный,0,0,0,0,0,1
4145150,5,сосед продолжать ставить вещь просить принять мера,0,0,0,0,0,1
4143079,5,всеееееий оооооооочень долгоооооо,0,0,0,0,0,1
4137532,5,решить просто закрыть выполнить,0,0,0,0,0,1
4136400,5,хотеться быстрый решение проблема,0,0,0,0,0,1
4135758,5,проблема течь вода устранить смеситель заменить,1,0,0,0,0,1
4134698,5,выполнить заявка неделя,1,0,0,0,0,0
4134107,5,решить,1,0,0,0,0,0
4129290,5,отдельный благодарность инженер кирилл,0,0,1,0,0,0
4127422,5,момент запланировать работа установка шлагбаум просить рассмотреть возможность установка противондальный шлагбаум,0,0,0,0,0,1
4127356,5,уборка провести,1,0,0,0,0,0
4126199,5,неверный показание,0,0,0,0,0,1
4126095,5,благодарность служба клининга решение непростой очень важный вопрос навести идеальный порядок указанный этаж эвакуационный лестница свободный впечатлить спасибо,0,0,1,0,0,0
4124687,5,снова окно дуть плохой прежний открываться проветривание,0,0,0,0,0,1
4122907,5,чётко,1,0,0,0,0,0
4122085,5,задача решить,0,0,0,0,0,1
4122046,5,ждать перерасчёт квитанция получаться пока оплачивать выставить счёт,0,0,0,0,0,1
4120812,5,просить отремонтировать розетка доступ предоставить,0,0,0,0,0,1
4115844,5,ситуация стать хороший всё равно перепад давление,1,0,0,0,0,1
4109161,5,вода стоять поддон стоить,0,0,0,0,0,1
4109107,5,никакой действие заявка произвести,0,0,0,0,0,1
4107044,5,пересчёт декабрь произвести,0,0,0,0,0,1
4105039,5,домофон звонить открыть дверь квартира открыть мочь,0,0,0,0,0,1
4102571,5,пока работать,1,0,0,0,0,0
4093813,5,ждать ответ,0,0,0,0,0,1
4089808,5,опломбировка оставить документ почтовый ящик получить,0,0,0,0,0,1
4086655,5,спасибо качественный быстрый профессиональный работа,0,1,0,1,0,0
4085301,5,конструкция смонтировать ещё лето никакой работа производиться просить убрать конструкция помещение,0,0,0,0,0,1
4081915,5,работа проводиться начинаться завершиться фантазия откос дуть дуть свист стена окно дуть ветер,0,0,0,0,0,1
4077923,5,конец спасибо,1,0,0,0,0,0
4076583,5,работа выполнить спасибо,1,0,0,0,0,0
4073378,5,гореть,0,0,0,0,0,1
4070028,5,качество материал высокий уровень водяной счётчик прожить год цена квартира материал чистый золото главное никто отвечать новый стабильность это,0,0,0,0,0,1
4054366,5,заявка исполнить,0,0,0,0,0,1
4043522,5,сей пора приложение актуальный информация поверка счётчик мочь это передать показание,0,0,0,0,0,1
4029610,5,просить исключить услуга обслуживание система безопасность квитанция услуга домофон видео кладовая невозможный кладовая позвонить,0,0,0,0,0,1
4028095,5,пломбировка сделать ждать начисление,0,0,0,0,0,1
4027304,5,дверь убирать,0,0,0,0,0,1
4023631,5,нужно поменять фоновый труба,0,0,0,0,0,1
4001432,5,ждать появление счётчик лк,0,0,0,0,0,1
4000748,5,отражённый статус поверка приложение,0,0,0,0,0,1
3983227,5,всё оперативно,0,0,0,1,0,0
3964146,5,достойный решение инженер,0,0,1,0,0,0
3942246,5,почему отражаться проверка пройти писать пройти проверка лк сообщение ответить молча закрыть заявка,0,0,0,0,0,1
3930060,5,быстрый,0,0,0,0,0,1
3913182,5,очень долго ожидать реакция заявка,0,0,0,0,0,1
3890469,5,стоимость услуга высокий,0,0,0,0,0,1
3886089,5,несколько день делать,0,0,0,0,0,1
3862602,5,убирать перерасчёт,0,0,0,0,0,1
3855232,5,повторно обещать включить вопрос перенос скамейка повестка близкий осс включить почему,0,0,0,0,0,1
3814674,5,плитка уложить дождь всё равно скапливаться лужа,0,0,0,0,0,1
3810992,5,резиновый прокладка окно заменить частично продувание помочь,0,0,0,0,0,1
3798582,5,всё отлично проблема решить,1,0,0,0,0,0
3665945,5,лампочка перегореть никто поменять этаж холл лифт,0,0,0,0,0,1
3542834,5,проблема устранить запах шкаф остаться ещё сильный стать вонять,0,0,0,0,0,1
3507812,5,долго приятно,1,0,0,0,0,0
3478532,5,ребята установить кондиционер работа сделать качественно лишний шум грязь быстро михаил менеджер ответить всё вопрос предоставить весь информация дать профессиональный совет отправить прекрасный бригада николай альпинист монтажник сергей сёма монтажник электрик ребята вежливый аккуратный доброжелательный отличный работник благодарить профессионализм заинтересованность клиент,0,1,1,1,0,0
3296403,5,день мусоропровод сегодня утро,0,0,0,0,0,1
3165822,5,отрегулировать дверь замок должный открывание закрывание,0,0,0,0,0,1
